,day,mouse_1,mouse_2,mouse_3,mouse_4,mouse_5,mouse_6,mouse_7,mouse_8,mean,std
0,0,,0.0,0.0,,,0.0,,0.0,0.0,0.0
1,1,0.0,,0.0,,0.0,0.0,0.0,0.0,0.0,0.0
2,2,,0.0,0.0,,0.0,,0.0,0.0,0.0,0.0
3,3,,0.0,0.0,,0.0,0.0,,,0.0,0.0
4,4,,,,,,,,,,
5,5,,,,,,,,,,
6,6,,0.0,,,,0.0,0.0,0.0,0.0,0.0
7,7,,,,,,,,,,
8,8,0.0,0.0,0.0,0.0,0.0,1.0,0.0,0.0,0.125,0.3535533905932738
9,9,0.0,0.0,0.0,0.0,0.0,0.0,0.0,0.0,0.0,0.0
10,10,0.0,0.0,0.0,0.0,0.0,0.0,0.0,0.0,0.0,0.0
11,11,,,,,,,,,,
12,12,,,,,,,,,,
13,13,,,0.0,0.0,0.0,0.0,0.0,3.0,0.5,1.224744871391589
14,14,,0.0,28.0,,,0.0,0.0,1.0,5.8,12.417729261020309
15,15,41.0,0.0,1.0,20.0,2.0,0.0,3.0,0.0,8.375,14.802871343087462
16,16,,,,,,,,,,
17,17,19.0,0.0,17.0,22.0,6.0,2.0,30.0,20.0,14.5,10.63686312513502
18,18,,,,,,,,,,
19,19,,,,,,,,,,
20,20,1.0,4.0,1.0,10.0,8.0,5.0,10.0,5.0,5.5,3.585685828003181
21,21,2.0,4.0,1.0,8.0,2.0,3.0,5.0,8.0,4.125,2.6958963523950885
22,22,3.0,4.0,4.0,9.0,2.0,17.0,11.0,12.0,7.75,5.338539126015656
23,23,1.0,3.0,0.0,4.0,1.0,5.0,13.0,7.0,4.25,4.234214381508266
24,24,5.0,1.0,0.0,21.0,7.0,9.0,4.0,3.0,6.25,6.649382355849731
25,25,,,,,,,,,,
26,26,,,,,,,,,,
27,27,1.0,0.0,3.0,8.0,14.0,1.0,2.0,12.0,5.125,5.462534733462636
28,28,22.0,5.0,6.0,12.0,13.0,10.0,1.0,14.0,10.375,6.4793628434548145
29,29,4.0,6.0,2.0,3.0,5.0,8.0,5.0,4.0,4.625,1.8468119248354136
30,30,8.0,10.0,7.0,14.0,11.0,12.0,15.0,7.0,10.5,3.070597894314954
31,31,9.0,2.0,5.0,1.0,10.0,9.0,5.0,9.0,6.25,3.494894235064305
32,32,,,,,,,,,,
33,33,,,,,,,,,,
34,34,25.0,20.0,23.0,25.0,10.0,6.0,21.0,15.0,18.125,7.100050301632678
35,35,11.0,12.0,6.0,12.0,8.0,7.0,15.0,17.0,11.0,3.854496446637726
36,36,24.0,22.0,15.0,11.0,9.0,2.0,11.0,12.0,13.25,7.086203900134804
37,37,,,,,,,,,,
38,38,14.0,10.0,11.0,10.0,8.0,10.0,7.0,7.0,9.625,2.326094212561969
39,39,,,,,,,,,,
40,40,,,,,,,,,,
41,41,5.0,3.0,5.0,9.0,6.0,4.0,10.0,8.0,6.25,2.49284690951645
42,42,7.0,4.0,7.0,11.0,14.0,8.0,14.0,13.0,9.75,3.770183777256185
43,43,12.0,5.0,5.0,6.0,9.0,12.0,8.0,5.0,7.75,3.011881234615431
44,44,10.0,8.0,10.0,10.0,18.0,7.0,12.0,8.0,10.375,3.4615231989895516
45,45,,,,,,,,,,
46,46,,,,,,,,,,
47,47,,,,,,,,,,
48,48,,,,,,,,,,
49,49,20.0,3.0,7.0,20.0,7.0,6.0,10.0,13.0,10.75,6.408699444616557
50,50,,,,,,,,,,
51,51,8.0,2.0,7.0,18.0,25.0,8.0,17.0,10.0,11.875,7.472568883207817
52,52,10.0,1.0,10.0,6.0,11.0,14.0,18.0,8.0,9.75,5.092010548749033
53,53,,,,,,,,,,
54,54,,,,,,,,,,
55,55,,,,,,,,,,
56,56,14.0,13.0,11.0,10.0,9.0,7.0,9.0,6.0,9.875,2.748376143938713
57,57,20.0,4.0,2.0,13.0,12.0,7.0,19.0,14.0,11.375,6.588680769753099
58,58,10.0,9.0,12.0,16.0,7.0,8.0,8.0,4.0,9.25,3.575711717366808
59,59,12.0,4.0,14.0,26.0,8.0,8.0,15.0,15.0,12.75,6.649382355849731
60,60,,,,,,,,,,
61,61,,,,,,,,,,
62,62,,,,,,,,,,
63,63,8.0,1.0,6.0,23.0,10.0,5.0,6.0,11.0,8.75,6.541078984824621
64,64,,,,,,,,,,
65,65,,,,,,,,,,
66,66,,,,,,,,,,
67,67,,,,,,,,,,
68,68,,,,,,,,,,
69,69,16.0,0.0,4.0,7.0,10.0,10.0,9.0,10.0,8.25,4.743416490252569
70,70,7.0,5.0,2.0,7.0,11.0,5.0,16.0,11.0,8.0,4.44007721940573
71,71,,,,,,,,,,
72,72,8.0,10.0,9.0,3.0,10.0,10.0,7.0,6.0,7.875,2.4748737341529163
73,73,12.0,8.0,6.0,8.0,17.0,10.0,8.0,14.0,10.375,3.7008686239082538
74,74,,,,,,,,,,
75,75,,,,,,,,,,
76,76,,,,,,,,,,
77,77,11.0,6.0,17.0,10.0,8.0,13.0,10.0,9.0,10.5,3.3380918415851206
78,78,,,,,,,,,,
79,79,12.0,6.0,5.0,12.0,9.0,10.0,13.0,6.0,9.125,3.1367635732209265
80,80,,,,,,,,,,
81,81,,,,,,,,,,
82,82,,,,,,,,,,
83,83,6.0,9.0,8.0,13.0,10.0,6.0,3.0,6.0,7.625,3.0676887530703447
84,84,,,,,,,,,,
85,85,,,,,,,,,,
86,86,16.0,5.0,14.0,17.0,5.0,8.0,6.0,9.0,10.0,4.956957592256421
87,87,,,,,,,,,,
88,88,,,,,,,,,,
89,89,,,,,,,,,,
90,90,6.0,9.0,10.0,5.0,7.0,5.0,8.0,10.0,7.5,2.0701966780270626
91,91,,,,,,,,,,
92,92,,,,,,,,,,
93,93,,,,,,,,,,
94,94,,,,,,,,,,
95,95,,,,,,,,,,
96,96,,,,,,,,,,
97,97,12.0,3.0,10.0,11.0,8.0,14.0,12.0,8.0,9.75,3.4121631178560534
98,98,,,,,,,,,,
99,99,,,,,,,,,,
100,100,,,,,,,,,,
101,101,,,,,,,,,,
102,102,,,,,,,,,,
103,103,,,,,,,,,,
104,104,9.0,15.0,2.0,10.0,11.0,8.0,14.0,9.0,9.75,3.9910614413425693
105,105,,,,,,,,,,
106,106,,,,,,,,,,
107,107,,,,,,,,,,
108,108,,,,,,,,,,
109,109,,,,,,,,,,
110,110,,,,,,,,,,
111,111,11.0,7.0,3.0,4.0,8.0,3.0,9.0,7.0,6.5,2.9277002188455996
112,112,,,,,,,,,,
113,113,,,,,,,,,,
114,114,,,,,,,,,,
115,115,,,,,,,,,,
116,116,,,,,,,,,,
117,117,,,,,,,,,,
118,118,,,,,,,,,,
119,119,,,,,,,,,,
120,120,,,,,,,,,,
121,121,,,,,,,,,,
122,122,,,,,,,,,,
123,123,,,,,,,,,,
124,124,,,,,,,,,,
125,125,19.0,9.0,15.0,8.0,4.0,6.0,8.0,9.0,9.75,4.891683905218266
126,126,,,,,,,,,,
127,127,,,,,,,,,,
128,128,,,,,,,,,,
129,129,,,,,,,,,,
130,130,,,,,,,,,,
131,131,,,,,,,,,,
132,132,,,,,,,,,,
133,133,6.0,7.0,13.0,8.0,9.0,8.0,18.0,18.0,10.875,4.85320218294802
134,134,,,,,,,,,,
135,135,,,,,,,,,,
136,136,,,,,,,,,,
137,137,,,,,,,,,,
138,138,,,,,,,,,,
139,139,11.0,12.0,16.0,1.0,8.0,11.0,6.0,11.0,9.5,4.503966505838413
140,140,,,,,,,,,,
141,141,,,,,,,,,,
142,142,,,,,,,,,,
143,143,,,,,,,,,,
144,144,,,,,,,,,,
145,145,,,,,,,,,,
146,146,,,,,,,,,,
147,147,7.0,9.0,8.0,6.0,7.0,5.0,10.0,7.0,7.375,1.5979898086569353
148,148,,,,,,,,,,
149,149,,,,,,,,,,
150,150,,,,,,,,,,
151,151,,,,,,,,,,
152,152,,,,,,,,,,
153,153,11.0,5.0,12.0,6.0,9.0,8.0,8.0,18.0,9.625,4.103569874424672
154,154,,,,,,,,,,
155,155,,,,,,,,,,
156,156,,,,,,,,,,
157,157,,,,,,,,,,
158,158,,,,,,,,,,
159,159,,,,,,,,,,
160,160,,,,,,,,,,
161,161,5.0,8.0,6.0,11.0,11.0,7.0,16.0,15.0,9.875,4.086126352846737
162,162,,,,,,,,,,
163,163,,,,,,,,,,
164,164,,,,,,,,,,
165,165,,,,,,,,,,
166,166,,,,,,,,,,
167,167,13.0,1.0,10.0,4.0,5.0,9.0,7.0,3.0,6.5,4.0
168,168,,,,,,,,,,
169,169,,,,,,,,,,
170,170,,,,,,,,,,
171,171,,,,,,,,,,
172,172,,,,,,,,,,
173,173,,,,,,,,,,
174,174,,,,,,,,,,
175,175,4.0,0.0,3.0,6.0,5.0,5.0,0.0,12.0,4.375,3.814914340921881
176,176,,,,,,,,,,
177,177,,,,,,,,,,
178,178,,,,,,,,,,
179,179,,,,,,,,,,
180,180,,,,,,,,,,
181,181,7.0,3.0,12.0,4.0,10.0,15.0,5.0,11.0,8.375,4.274091382136927
182,182,,,,,,,,,,
183,183,,,,,,,,,,
184,184,,,,,,,,,,
185,185,,,,,,,,,,
186,186,,,,,,,,,,
187,187,,,,,,,,,,
188,188,10.0,3.0,3.0,4.0,10.0,6.0,8.0,15.0,7.375,4.2067123233504535
189,189,,,,,,,,,,
190,190,,,,,,,,,,
191,191,,,,,,,,,,
192,192,,,,,,,,,,
193,193,,,,,,,,,,
194,194,,,,,,,,,,
195,195,5.0,16.0,7.0,5.0,10.0,4.0,5.0,9.0,7.625,3.9977672339873487
196,196,,,,,,,,,,
197,197,,,,,,,,,,
198,198,,,,,,,,,,
199,199,,,,,,,,,,
200,200,,,,,,,,,,
201,201,,,,,,,,,,
202,202,,,,,,,,,,
203,203,14.0,5.0,9.0,8.0,12.0,5.0,7.0,9.0,8.625,3.1594529363709247
204,204,,,,,,,,,,
205,205,,,,,,,,,,
206,206,,,,,,,,,,
207,207,,,,,,,,,,
208,208,,,,,,,,,,
209,209,,,,,,,,,,
210,210,12.0,7.0,20.0,9.0,3.0,5.0,18.0,7.0,10.125,6.104740546727366
211,211,,,,,,,,,,
212,212,,,,,,,,,,
213,213,,,,,,,,,,
214,214,,,,,,,,,,
215,215,,,,,,,,,,
216,216,16.0,8.0,10.0,11.0,9.0,4.0,7.0,7.0,9.0,3.5456210417116734
217,217,,,,,,,,,,
218,218,,,,,,,,,,
219,219,,,,,,,,,,
220,220,,,,,,,,,,
221,221,,,,,,,,,,
222,222,,,,,,,,,,
223,223,2.0,3.0,9.0,2.0,7.0,10.0,3.0,6.0,5.25,3.1959796173138706
224,224,,,,,,,,,,
225,225,,,,,,,,,,
226,226,,,,,,,,,,
227,227,,,,,,,,,,
228,228,,,,,,,,,,
229,229,,,,,,,,,,
230,230,,,,,,,,,,
231,231,3.0,10.0,5.0,12.0,5.0,9.0,9.0,5.0,7.25,3.1509635714446826
232,232,,,,,,,,,,
233,233,,,,,,,,,,
234,234,,,,,,,,,,
235,235,,,,,,,,,,
236,236,,,,,,,,,,
237,237,,,,,,,,,,
238,238,3.0,1.0,11.0,13.0,5.0,7.0,10.0,6.0,7.0,4.105745103771404
239,239,,,,,,,,,,
240,240,,,,,,,,,,
241,241,,,,,,,,,,
242,242,,,,,,,,,,
243,243,,,,,,,,,,
244,244,4.0,4.0,5.0,6.0,6.0,5.0,7.0,7.0,5.5,1.1952286093343936
245,245,,,,,,,,,,
246,246,,,,,,,,,,
247,247,,,,,,,,,,
248,248,,,,,,,,,,
249,249,,,,,,,,,,
250,250,,,,,,,,,,
251,251,,,,,,,,,,
252,252,12.0,8.0,10.0,6.0,8.0,10.0,8.0,6.0,8.5,2.0701966780270626
253,253,,,,,,,,,,
254,254,,,,,,,,,,
255,255,,,,,,,,,,
256,256,,,,,,,,,,
257,257,,,,,,,,,,
258,258,,,,,,,,,,
259,259,10.0,3.0,5.0,9.0,5.0,4.0,12.0,13.0,7.625,3.8521793460696654
260,260,,,,,,,,,,
261,261,,,,,,,,,,
262,262,,,,,,,,,,
263,263,,,,,,,,,,
264,264,,,,,,,,,,
265,265,,,,,,,,,,
266,266,,,,,,,,,,
267,267,20.0,3.0,12.0,6.0,12.0,2.0,10.0,10.0,9.375,5.7802001942592165
268,268,,,,,,,,,,
269,269,,,,,,,,,,
270,270,,,,,,,,,,
271,271,,,,,,,,,,
272,272,,,,,,,,,,
273,273,,,,,,,,,,
274,274,12.0,4.0,9.0,9.0,5.0,13.0,,16.0,9.714285714285714,4.3094580368566735
275,275,,,,,,,,,,
276,276,,,,,,,,,,
277,277,,,,,,,,,,
278,278,,,,,,,,,,
279,279,6.0,4.0,4.0,5.0,4.0,13.0,6.0,4.0,5.75,3.058944729337694
280,280,,,,,,,,,,
281,281,,,,,,,,,,
282,282,,,,,,,,,,
283,283,,,,,,,,,,
284,284,,,,,,,,,,
285,285,,,,,,,,,,
286,286,,,,,,,,,,
287,287,4.0,6.0,10.0,12.0,14.0,10.0,6.0,9.0,8.875,3.3567628964311944
288,288,,,,,,,,,,
289,289,,,,,,,,,,
290,290,,,,,,,,,,
291,291,,,,,,,,,,
292,292,,,,,,,,,,
293,293,,,,,,,,,,
294,294,8.0,8.0,7.0,9.0,15.0,8.0,14.0,7.0,9.5,3.1622776601683795
295,295,,,,,,,,,,
296,296,,,,,,,,,,
297,297,,,,,,,,,,
298,298,,,,,,,,,,
299,299,,,,,,,,,,
300,300,,,,,,,,,,
301,301,,,,,,,,,,
302,302,,,,,,,,,,
303,303,8.0,1.0,9.0,8.0,9.0,5.0,17.0,4.0,7.625,4.718883039751796
304,304,,,,,,,,,,
305,305,,,,,,,,,,
306,306,,,,,,,,,,
307,307,,,,,,,,,,
308,308,6.0,10.0,11.0,11.0,7.0,9.0,19.0,1.0,9.25,5.1478150704935
309,309,,,,,,,,,,
310,310,,,,,,,,,,
311,311,,,,,,,,,,
312,312,,,,,,,,,,
313,313,,,,,,,,,,
314,314,,,,,,,,,,
315,315,8.0,0.0,5.0,10.0,11.0,12.0,11.0,8.0,8.125,3.9798600118956085
316,316,,,,,,,,,,
317,317,,,,,,,,,,
318,318,,,,,,,,,,
319,319,,,,,,,,,,
320,320,,,,,,,,,,
321,321,,,,,,,,,,
322,322,7.0,6.0,8.0,8.0,6.0,10.0,7.0,8.0,7.5,1.3093073414159542
323,323,,,,,,,,,,
324,324,,,,,,,,,,
325,325,,,,,,,,,,
326,326,,,,,,,,,,
327,327,,,,,,,,,,
328,328,,,,,,,,,,
329,329,8.0,3.0,7.0,9.0,7.0,7.0,9.0,12.0,7.75,2.5495097567963922
330,330,,,,,,,,,,
331,331,,,,,,,,,,
332,332,,,,,,,,,,
333,333,,,,,,,,,,
334,334,,,,,,,,,,
335,335,,,,,,,,,,
336,336,,,,,,,,,,
337,337,,,,,,,,,,
338,338,3.0,4.0,7.0,6.0,8.0,10.0,6.0,0.0,5.5,3.116774889895918
339,339,,,,,,,,,,
340,340,,,,,,,,,,
341,341,,,,,,,,,,
342,342,,,,,,,,,,
343,343,,,,,,,,,,
344,344,,,,,,,,,,
345,345,,,,,,,,,,
346,346,9.0,7.0,15.0,7.0,9.0,6.0,15.0,8.0,9.5,3.5456210417116734
347,347,,,,,,,,,,
348,348,,,,,,,,,,
349,349,,,,,,,,,,
350,350,,,,,,,,,,
351,351,,,,,,,,,,
352,352,7.0,14.0,11.0,15.0,6.0,10.0,11.0,8.0,10.25,3.1959796173138706
353,353,,,,,,,,,,
354,354,,,,,,,,,,
355,355,,,,,,,,,,
356,356,7.0,14.0,6.0,8.0,15.0,5.0,7.0,5.0,8.375,3.9256482631170977
357,357,,,,,,,,,,
358,358,,,,,,,,,,
359,359,,,,,,,,,,
360,360,,,,,,,,,,
361,361,,,,,,,,,,
362,362,,,,,,,,,,
363,363,8.0,6.0,14.0,15.0,14.0,3.0,7.0,8.0,9.375,4.405759217854998
364,364,,,,,,,,,,
365,365,,,,,,,,,,
366,366,,,,,,,,,,
367,367,,,,,,,,,,
368,368,,,,,,,,,,
369,369,,,,,,,,,,
370,370,,,,,,,,,,
371,371,2.0,8.0,8.0,17.0,6.0,15.0,7.0,9.0,9.0,4.840306956027833
372,372,,,,,,,,,,
373,373,,,,,,,,,,
374,374,,,,,,,,,,
375,375,,,,,,,,,,
376,376,,,,,,,,,,
377,377,8.0,3.0,8.0,4.0,4.0,5.0,8.0,6.0,5.75,2.052872551885702
378,378,,,,,,,,,,
379,379,,,,,,,,,,
380,380,,,,,,,,,,
381,381,,,,,,,,,,
382,382,,,,,,,,,,
383,383,,,,,,,,,,
384,384,,,,,,,,,,
385,385,,,,,,,,,,
386,386,8.0,2.0,3.0,14.0,11.0,6.0,7.0,6.0,7.125,3.943801646707328
387,387,,,,,,,,,,
388,388,,,,,,,,,,
389,389,,,,,,,,,,
390,390,,,,,,,,,,
391,391,,,,,,,,,,
392,392,,,,,,,,,,
393,393,10.0,7.0,9.0,14.0,6.0,7.0,11.0,10.0,9.25,2.6049403612586386
394,394,,,,,,,,,,
395,395,,,,,,,,,,
396,396,,,,,,,,,,
397,397,,,,,,,,,,
398,398,4.0,7.0,6.0,7.0,15.0,13.0,2.0,7.0,7.625,4.34042460069124
399,399,,,,,,,,,,
400,400,,,,,,,,,,
401,401,,,,,,,,,,
402,402,,,,,,,,,,
403,403,,,,,,,,,,
404,404,,,,,,,,,,
405,405,,,,,,,,,,
406,406,,,,,,,,,,
407,407,2.0,14.0,8.0,11.0,13.0,5.0,4.0,8.0,8.125,4.323936698360485
408,408,,,,,,,,,,
409,409,,,,,,,,,,
410,410,,,,,,,,,,
411,411,,,,,,,,,,
412,412,,,,,,,,,,
413,413,,,,,,,,,,
414,414,23.0,5.0,12.0,9.0,10.0,10.0,16.0,13.0,12.25,5.391792704790177
415,415,,,,,,,,,,
416,416,,,,,,,,,,
417,417,,,,,,,,,,
418,418,,,,,,,,,,
419,419,,,,,,,,,,
420,420,,,,,,,,,,
421,421,,,,,,,,,,
422,422,14.0,8.0,13.0,6.0,18.0,9.0,13.0,12.0,11.625,3.814914340921881
423,423,,,,,,,,,,
424,424,,,,,,,,,,
425,425,,,,,,,,,,
426,426,,,,,,,,,,
427,427,,,,,,,,,,
428,428,,,,,,,,,,
429,429,10.0,2.0,4.0,15.0,5.0,7.0,9.0,5.0,7.125,4.120939559996343
430,430,,,,,,,,,,
431,431,,,,,,,,,,
432,432,,,,,,,,,,
433,433,,,,,,,,,,
434,434,,,,,,,,,,
435,435,,,,,,,,,,
436,436,5.0,4.0,5.0,6.0,16.0,13.0,4.0,4.0,7.125,4.67325215607779
437,437,,,,,,,,,,
438,438,,,,,,,,,,
439,439,,,,,,,,,,
440,440,,,,,,,,,,
441,441,8.0,6.0,7.0,,8.0,7.0,5.0,8.0,7.0,1.1547005383792515
442,442,,,,,,,,,,
443,443,,,,,,,,,,
444,444,,,,,,,,,,
445,445,,,,,,,,,,
446,446,,,,,,,,,,
447,447,,,,,,,,,,
448,448,,,,,,,,,,
449,449,,,,,,,,,,
450,450,14.0,5.0,11.0,,6.0,4.0,8.0,8.0,8.0,3.5118845842842465
451,451,,,,,,,,,,
452,452,,,,,,,,,,
453,453,,,,,,,,,,
454,454,,,,,,,,,,
455,455,,,,,,,,,,
456,456,,,,,,,,,,
457,457,6.0,3.0,5.0,9.0,8.0,10.0,9.0,5.0,6.875,2.4748737341529163
458,458,,,,,,,,,,
459,459,,,,,,,,,,
460,460,,,,,,,,,,
461,461,,,,,,,,,,
462,462,10.0,6.0,5.0,8.0,7.0,1.0,14.0,8.0,7.375,3.77728171346236
463,463,,,,,,,,,,
464,464,,,,,,,,,,
465,465,,,,,,,,,,
466,466,,,,,,,,,,
467,467,,,,,,,,,,
468,468,,,,,,,,,,
469,469,11.0,9.0,10.0,18.0,4.0,5.0,7.0,9.0,9.125,4.323936698360485
470,470,,,,,,,,,,
471,471,,,,,,,,,,
472,472,,,,,,,,,,
473,473,,,,,,,,,,
474,474,,,,,,,,,,
475,475,,,,,,,,,,
476,476,15.0,7.0,10.0,11.0,11.0,5.0,7.0,13.0,9.875,3.3567628964311944
477,477,,,,,,,,,,
478,478,,,,,,,,,,
479,479,,,,,,,,,,
480,480,,,,,,,,,,
481,481,,,,,,,,,,
482,482,,,,,,,,,,
483,483,2.0,3.0,4.0,7.0,4.0,8.0,5.0,5.0,4.75,1.9820624179302297
484,484,,,,,,,,,,
485,485,,,,,,,,,,
486,486,,,,,,,,,,
487,487,,,,,,,,,,
488,488,,,,,,,,,,
489,489,14.0,1.0,12.0,9.0,7.0,7.0,13.0,10.0,9.125,4.189698250300543
490,490,,,,,,,,,,
491,491,,,,,,,,,,
492,492,,,,,,,,,,
493,493,,,,,,,,,,
494,494,,,,,,,,,,
495,495,,,,,,,,,,
496,496,19.0,4.0,10.0,8.0,10.0,8.0,10.0,9.0,9.75,4.234214381508266
497,497,,,,,,,,,,
498,498,,,,,,,,,,
499,499,,,,,,,,,,
500,500,,,,,,,,,,
501,501,,,,,,,,,,
502,502,,,,,,,,,,
503,503,12.0,9.0,8.0,8.0,10.0,2.0,13.0,4.0,8.25,3.7321001364608946
504,504,,,,,,,,,,
505,505,,,,,,,,,,
506,506,,,,,,,,,,
507,507,,,,,,,,,,
508,508,,,,,,,,,,
509,509,,,,,,,,,,
510,510,,,,,,,,,,
511,511,6.0,4.0,5.0,11.0,17.0,10.0,10.0,18.0,10.125,5.221863378417434
512,512,,,,,,,,,,
513,513,,,,,,,,,,
514,514,,,,,,,,,,
515,515,,,,,,,,,,
516,516,,,,,,,,,,
517,517,,,,,,,,,,
518,518,10.0,4.0,4.0,5.0,6.0,,21.0,4.0,7.714285714285714,6.237368187365718
519,519,,,,,,,,,,
520,520,14.0,7.0,8.0,3.0,8.0,9.0,8.0,14.0,8.875,3.6425069859723185
521,521,,,,,,,,,,
522,522,,,,,,,,,,
523,523,,,,,,,,,,
524,524,5.0,9.0,9.0,4.0,7.0,6.0,7.0,7.0,6.75,1.7525491637693282
525,525,,,,,,,,,,
526,526,,,,,,,,,,
527,527,,,,,,,,,,
528,528,,,,,,,,,,
529,529,,,,,,,,,,
530,530,,,,,,,,,,
531,531,12.0,4.0,4.0,4.0,11.0,,11.0,8.0,7.714285714285714,3.683941988065036
532,532,,,,,,,,,,
533,533,,,,,,,,,,
534,534,,,,,,,,,,
535,535,,,,,,,,,,
536,536,,,,,,,,,,
537,537,,,,,,,,,,
538,538,,,,,,,,,,
539,539,,,,,,,,,,
540,540,,,,,,,,,,
541,541,5.0,9.0,8.0,3.0,4.0,,6.0,8.0,6.142857142857143,2.2677868380553634
542,542,,,,,,,,,,
543,543,,,,,,,,,,
544,544,,,,,,,,,,
545,545,,,,,,,,,,
546,546,6.0,5.0,10.0,8.0,9.0,,9.0,9.0,8.0,1.8257418583505538
547,547,,,,,,,,,,
548,548,,,,,,,,,,
549,549,,,,,,,,,,
550,550,,,,,,,,,,
551,551,,,,,,,,,,
552,552,,,,,,,,,,
553,553,,,,,,,,,,
554,554,,,,,,,,,,
555,555,5.0,8.0,8.0,7.0,7.0,,12.0,8.0,7.857142857142857,2.115700942049815
556,556,,,,,,,,,,
557,557,,,,,,,,,,
558,558,,,,,,,,,,
559,559,8.0,8.0,6.0,12.0,12.0,,7.0,13.0,9.428571428571429,2.819996622760558
560,560,,,,,,,,,,
561,561,,,,,,,,,,
562,562,,,,,,,,,,
563,563,,,,,,,,,,
564,564,,,,,,,,,,
565,565,,,,,,,,,,
566,566,11.0,3.0,40.0,5.0,10.0,,5.0,13.0,12.428571428571429,12.699831269970254
567,567,,,,,,,,,,
568,568,,,,,,,,,,
569,569,,,,,,,,,,
570,570,,,,,,,,,,
571,571,,,,,,,,,,
572,572,,,,,,,,,,
573,573,3.0,13.0,2.0,4.0,6.0,,6.0,5.0,5.571428571428571,3.598941643369749
574,574,,,,,,,,,,
575,575,,,,,,,,,,
576,576,15.0,6.0,3.0,9.0,7.0,,10.0,20.0,10.0,5.773502691896258
577,577,,,,,,,,,,
578,578,,,,,,,,,,
579,579,,,,,,,,,,
580,580,9.0,6.0,5.0,8.0,17.0,,12.0,5.0,8.857142857142858,4.375255094603872
581,581,,,,,,,,,,
582,582,,,,,,,,,,
583,583,,,,,,,,,,
584,584,,,,,,,,,,
585,585,,,,,,,,,,
586,586,,,,,,,,,,
587,587,8.0,11.0,15.0,5.0,7.0,,13.0,8.0,9.571428571428571,3.552329886011098
588,588,,,,,,,,,,
589,589,,,,,,,,,,
590,590,,,,,,,,,,
591,591,,,,,,,,,,
592,592,,,,,,,,,,
593,593,,,,,,,,,,
594,594,5.0,6.0,11.0,4.0,14.0,,6.0,13.0,8.428571428571429,4.117326918327103
595,595,,,,,,,,,,
596,596,,,,,,,,,,
597,597,,,,,,,,,,
598,598,1.0,3.0,5.0,4.0,3.0,,8.0,8.0,4.571428571428571,2.63673679998231
599,599,,,,,,,,,,
600,600,,,,,,,,,,
601,601,,,,,,,,,,
602,602,,,,,,,,,,
603,603,4.0,4.0,2.0,8.0,4.0,,10.0,8.0,5.714285714285714,2.9277002188455996
604,604,,,,,,,,,,
605,605,,,,,,,,,,
606,606,,,,,,,,,,
607,607,,,,,,,,,,
608,608,12.0,7.0,9.0,10.0,9.0,,10.0,5.0,8.857142857142858,2.2677868380553634
609,609,,,,,,,,,,
610,610,,,,,,,,,,
611,611,,,,,,,,,,
612,612,,,,,,,,,,
613,613,,,,,,,,,,
614,614,,,,,,,,,,
615,615,5.0,3.0,3.0,14.0,4.0,,8.0,23.0,8.571428571428571,7.457817885886436
616,616,,,,,,,,,,
617,617,,,,,,,,,,
618,618,,,,,,,,,,
619,619,3.0,6.0,11.0,4.0,10.0,,11.0,8.0,7.571428571428571,3.3094381626464866
620,620,,,,,,,,,,
621,621,,,,,,,,,,
622,622,,,,,,,,,,
623,623,,,,,,,,,,
624,624,14.0,3.0,4.0,11.0,13.0,,9.0,11.0,9.285714285714286,4.270608298368657
625,625,,,,,,,,,,
626,626,,,,,,,,,,
627,627,,,,,,,,,,
628,628,,,,,,,,,,
629,629,10.0,4.0,13.0,13.0,8.0,,5.0,14.0,9.571428571428571,4.035556254807296
630,630,,,,,,,,,,
631,631,,,,,,,,,,
632,632,,,,,,,,,,
633,633,3.0,3.0,4.0,7.0,10.0,,6.0,8.0,5.857142857142857,2.6726124191242437
634,634,,,,,,,,,,
635,635,,,,,,,,,,
636,636,,,,,,,,,,
637,637,,,,,,,,,,
638,638,9.0,8.0,10.0,15.0,10.0,,14.0,10.0,10.857142857142858,2.6095064302514777
639,639,,,,,,,,,,
640,640,7.0,7.0,3.0,15.0,7.0,,4.0,12.0,7.857142857142857,4.2594432902501635
641,641,,,,,,,,,,
642,642,,,,,,,,,,
643,643,19.0,7.0,8.0,18.0,4.0,,15.0,17.0,12.571428571428571,6.078847008469695
644,644,,,,,,,,,,
645,645,,,,,,,,,,
646,646,21.0,11.0,9.0,10.0,1.0,,10.0,4.0,9.428571428571429,6.294366339755546
647,647,,,,,,,,,,
648,648,,,,,,,,,,
649,649,,,,,,,,,,
650,650,8.0,8.0,9.0,7.0,7.0,,6.0,12.0,8.142857142857142,1.9518001458970664
651,651,,,,,,,,,,
652,652,17.0,7.0,10.0,0.0,8.0,,12.0,9.0,9.0,5.163977794943222
653,653,,,,,,,,,,
654,654,7.0,6.0,4.0,9.0,8.0,,8.0,13.0,7.857142857142857,2.7945525240230875
655,655,,,,,,,,,,
656,656,,,,,,,,,,
657,657,16.0,7.0,1.0,4.0,9.0,,9.0,10.0,8.0,4.760952285695233
658,658,,,,,,,,,,
659,659,,,,,,,,,,
660,660,4.0,6.0,4.0,8.0,8.0,,7.0,14.0,7.285714285714286,3.401680257083045
661,661,,,,,,,,,,
662,662,,,,,,,,,,
663,663,,,,,,,,,,
664,664,,,,,,,,,,
665,665,,,,,,,,,,
666,666,11.0,10.0,12.0,11.0,9.0,,14.0,10.0,11.0,1.632993161855452
667,667,,,,,,,,,,
668,668,,,,,,,,,,
669,669,,,,,,,,,,
670,670,,,,,,,,,,
671,671,10.0,9.0,9.0,7.0,11.0,,8.0,10.0,9.142857142857142,1.3451854182690985
672,672,,,,,,,,,,
673,673,,,,,,,,,,
674,674,9.0,6.0,8.0,12.0,13.0,,10.0,3.0,8.714285714285714,3.450327796711771
675,675,,,,,,,,,,
676,676,,,,,,,,,,
677,677,,,,,,,,,,
678,678,,,,,,,,,,
679,679,19.0,9.0,7.0,4.0,18.0,,7.0,6.0,10.0,6.0
680,680,,,,,,,,,,
681,681,,,,,,,,,,
682,682,4.0,3.0,6.0,7.0,12.0,,11.0,4.0,6.714285714285714,3.5456210417116734
683,683,,,,,,,,,,
684,684,,,,,,,,,,
685,685,,,,,,,,,,
686,686,8.0,4.0,7.0,15.0,11.0,,11.0,4.0,8.571428571428571,4.035556254807296
687,687,,,,,,,,,,
688,688,,,,,,,,,,
689,689,14.0,6.0,9.0,11.0,11.0,,10.0,11.0,10.285714285714286,2.4299715851758235
690,690,,,,,,,,,,
691,691,,,,,,,,,,
692,692,14.0,8.0,13.0,4.0,5.0,,4.0,10.0,8.285714285714286,4.191828786034631
693,693,,,,,,,,,,
694,694,,,,,,,,,,
695,695,10.0,8.0,8.0,13.0,6.0,,7.0,10.0,8.857142857142858,2.340126166724879
696,696,,,,,,,,,,
697,697,,,,,,,,,,
698,698,,,,,,,,,,
699,699,10.0,3.0,1.0,7.0,11.0,,9.0,9.0,7.142857142857143,3.7606990231680526
700,700,,,,,,,,,,
701,701,,,,,,,,,,
702,702,1.0,4.0,6.0,6.0,3.0,,7.0,6.0,4.714285714285714,2.138089935299395
703,703,,,,,,,,,,
704,704,,,,,,,,,,
705,705,3.0,9.0,5.0,9.0,4.0,,8.0,4.0,6.0,2.581988897471611
706,706,,,,,,,,,,
707,707,,,,,,,,,,
708,708,21.0,5.0,6.0,8.0,8.0,,8.0,6.0,8.857142857142858,5.490251100164467
709,709,,,,,,,,,,
710,710,12.0,8.0,3.0,8.0,5.0,,11.0,6.0,7.571428571428571,3.2071349029490928
711,711,,,,,,,,,,
712,712,,,,,,,,,,
713,713,,,,,,,,,,
714,714,5.0,7.0,5.0,10.0,10.0,,9.0,5.0,7.285714285714286,2.3603873774083297
715,715,,,,,,,,,,
716,716,,,,,,,,,,
717,717,13.0,9.0,6.0,9.0,8.0,,11.0,3.0,8.428571428571429,3.25868802112869
718,718,,,,,,,,,,
719,719,,,,,,,,,,
720,720,,,,,,,,,,
721,721,9.0,2.0,3.0,8.0,8.0,,5.0,6.0,5.857142857142857,2.6726124191242437
722,722,,,,,,,,,,
723,723,,,,,,,,,,
724,724,4.0,5.0,8.0,5.0,7.0,,8.0,6.0,6.142857142857143,1.5735915849388862
725,725,,,,,,,,,,
726,726,,,,,,,,,,
727,727,,,,,,,,,,
728,728,,,,,,,,,,
729,729,,,,,,,,,,
730,730,4.0,5.0,9.0,8.0,11.0,,9.0,8.0,7.714285714285714,2.4299715851758235
731,731,,,,,,,,,,
732,732,,,,,,,,,,
733,733,,,,,,,,,,
734,734,,,,,,,,,,
735,735,5.0,3.0,10.0,8.0,8.0,,12.0,4.0,7.142857142857143,3.2877840272018797
736,736,,,,,,,,,,
737,737,,,,,,,,,,
738,738,11.0,11.0,8.0,11.0,8.0,,5.0,8.0,8.857142857142858,2.2677868380553634
739,739,,,,,,,,,,
740,740,,,,,,,,,,
741,741,,,,,,,,,,
742,742,11.0,7.0,3.0,9.0,7.0,,8.0,4.0,7.0,2.7688746209726918
743,743,,,,,,,,,,
744,744,12.0,10.0,7.0,5.0,8.0,,8.0,5.0,7.857142857142857,2.5448360411214073
745,745,,,,,,,,,,
746,746,,,,,,,,,,
747,747,,,,,,,,,,
748,748,,,,,,,,,,
749,749,5.0,5.0,9.0,13.0,9.0,,7.0,9.0,8.142857142857142,2.7945525240230875
750,750,,,,,,,,,,
751,751,,,,,,,,,,
752,752,6.0,12.0,6.0,8.0,5.0,,10.0,6.0,7.571428571428571,2.5727509827124
753,753,,,,,,,,,,
754,754,,,,,,,,,,
755,755,,,,,,,,,,
756,756,15.0,11.0,11.0,9.0,6.0,,10.0,12.0,10.571428571428571,2.760262237369417
757,757,,,,,,,,,,
758,758,,,,,,,,,,
759,759,4.0,11.0,6.0,12.0,3.0,,7.0,5.0,6.857142857142857,3.4364987719368982
760,760,,,,,,,,,,
761,761,,,,,,,,,,
762,762,,,,,,,,,,
763,763,,,,,,,,,,
764,764,,,,,,,,,,
765,765,12.0,8.0,6.0,3.0,6.0,,10.0,7.0,7.428571428571429,2.9358214555806383
766,766,,,,,,,,,,
767,767,,,,,,,,,,
768,768,,,,,,,,,,
769,769,,,,,,,,,,
770,770,6.0,4.0,9.0,1.0,6.0,,9.0,10.0,6.428571428571429,3.2071349029490928
771,771,,,,,,,,,,
772,772,,,,,,,,,,
773,773,14.0,11.0,9.0,6.0,10.0,,4.0,7.0,8.714285714285714,3.3523268393901033
774,774,,,,,,,,,,
775,775,,,,,,,,,,
776,776,,,,,,,,,,
777,777,8.0,6.0,6.0,14.0,4.0,,10.0,7.0,7.857142857142857,3.2877840272018797
778,778,,,,,,,,,,
779,779,,,,,,,,,,
780,780,5.0,10.0,4.0,9.0,7.0,,15.0,11.0,8.714285714285714,3.773340063934768
781,781,,,,,,,,,,
782,782,,,,,,,,,,
783,783,,,,,,,,,,
784,784,12.0,12.0,13.0,3.0,7.0,,9.0,12.0,9.714285714285714,3.638419332360584
785,785,,,,,,,,,,
786,786,,,,,,,,,,
787,787,13.0,11.0,8.0,4.0,14.0,,12.0,9.0,10.142857142857142,3.4364987719368982
788,788,,,,,,,,,,
789,789,,,,,,,,,,
790,790,,,,,,,,,,
791,791,10.0,7.0,9.0,2.0,13.0,,7.0,7.0,7.857142857142857,3.38765264987284
792,792,,,,,,,,,,
793,793,,,,,,,,,,
794,794,,,,,,,,,,
795,795,3.0,12.0,13.0,5.0,9.0,,18.0,11.0,10.142857142857142,5.047394424471945
796,796,,,,,,,,,,
797,797,,,,,,,,,,
798,798,,,,,,,,,,
799,799,6.0,6.0,13.0,2.0,8.0,,17.0,13.0,9.285714285714286,5.219012860502955
800,800,,,,,,,,,,
801,801,11.0,10.0,11.0,2.0,3.0,,9.0,9.0,7.857142857142857,3.7606990231680526
802,802,,,,,,,,,,
803,803,,,,,,,,,,
804,804,,,,,,,,,,
805,805,,,,,,,,,,
806,806,,,,,,,,,,
807,807,6.0,3.0,11.0,1.0,4.0,,8.0,8.0,5.857142857142857,3.4364987719368982
808,808,,,,,,,,,,
809,809,,,,,,,,,,
810,810,,,,,,,,,,
811,811,,,,,,,,,,
812,812,11.0,3.0,11.0,3.0,6.0,,7.0,6.0,6.714285714285714,3.3022358947782493
813,813,,,,,,,,,,
814,814,,,,,,,,,,
815,815,,,,,,,,,,
816,816,,,,,,,,,,
817,817,,,,,,,,,,
818,818,15.0,6.0,8.0,9.0,3.0,,12.0,8.0,8.714285714285714,3.903600291794133
819,819,,,,,,,,,,
820,820,,,,,,,,,,
821,821,,,,,,,,,,
822,822,4.0,1.0,7.0,4.0,12.0,,9.0,6.0,6.142857142857143,3.625307868699863
823,823,,,,,,,,,,
824,824,,,,,,,,,,
825,825,,,,,,,,,,
826,826,,,,,,,,,,
827,827,13.0,3.0,9.0,7.0,4.0,,9.0,11.0,8.0,3.605551275463989
828,828,,,,,,,,,,
829,829,,,,,,,,,,
830,830,,,,,,,,,,
831,831,,,,,,,,,,
832,832,12.0,,15.0,11.0,8.0,,12.0,11.0,11.5,2.258317958127243
833,833,,,,,,,,,,
834,834,,,,,,,,,,
835,835,,,,,,,,,,
836,836,,,,,,,,,,
837,837,,,,,,,,,,
838,838,,,,,,,,,,
839,839,11.0,,14.0,10.0,2.0,,11.0,17.0,10.833333333333334,5.036533199202271
840,840,,,,,,,,,,
841,841,,,,,,,,,,
842,842,11.0,,4.0,7.0,17.0,,22.0,11.0,12.0,6.572670690061994
843,843,,,,,,,,,,
844,844,,,,,,,,,,
845,845,,,,,,,,,,
846,846,,,,,,,,,,
847,847,,,,,,,,,,
848,848,1.0,,12.0,7.0,,,6.0,12.0,7.6,4.61519230368573
849,849,,,,,,,,,,
850,850,16.0,,10.0,5.0,,,27.0,12.0,14.0,8.276472678623424
851,851,,,,,,,,,,
852,852,,,,,,,,,,
853,853,,,,,,,,,,
854,854,6.0,,7.0,7.0,,,12.0,7.0,7.8,2.3874672772626644
855,855,,,,,,,,,,
856,856,9.0,,3.0,14.0,,,5.0,14.0,9.0,5.049752469181039
857,857,,,,,,,,,,
858,858,,,,,,,,,,
859,859,,,,,,,,,,
860,860,,,,,,,,,,
861,861,,,,,,,,,,
862,862,6.0,,12.0,8.0,,,6.0,12.0,8.8,3.03315017762062
863,863,,,,,,,,,,
864,864,,,,,,,,,,
865,865,,,,,,,,,,
866,866,,,,,,,,,,
867,867,,,,,,,,,,
868,868,,,,,,,,,,
869,869,10.0,,4.0,4.0,,,15.0,12.0,9.0,4.898979485566356
870,870,,,,,,,,,,
871,871,,,,,,,,,,
872,872,,,,,,,,,,
873,873,,,,,,,,,,
874,874,20.0,,9.0,5.0,,,6.0,11.0,10.2,5.974947698515862
875,875,,,,,,,,,,
876,876,,,,,,,,,,
877,877,9.0,,3.0,8.0,,,18.0,12.0,10.0,5.522680508593631
878,878,,,,,,,,,,
879,879,,,,,,,,,,
880,880,21.0,,7.0,5.0,,,17.0,1.0,10.2,8.438009243891594
881,881,,,,,,,,,,
882,882,,,,,,,,,,
883,883,,,,,,,,,,
884,884,,,,,,,,,,
885,885,,,,,,,,,,
886,886,14.0,,2.0,8.0,,,12.0,,9.0,5.291502622129181
887,887,,,,,,,,,,
888,888,,,,,,,,,,
889,889,,,,,,,,,,
890,890,,,,,,,,,,
891,891,,,,,,,,,,
892,892,13.0,,4.0,8.0,,,7.0,,8.0,3.7416573867739413
893,893,,,,,,,,,,
894,894,,,,,,,,,,
895,895,,,,,,,,,,
896,896,,,,,,,,,,
897,897,,,,,,,,,,
898,898,10.0,,13.0,6.0,,,7.0,,9.0,3.1622776601683795
899,899,,,,,,,,,,
900,900,,,,,,,,,,
901,901,,,,,,,,,,
902,902,,,,,,,,,,
903,903,,,,,,,,,,
904,904,11.0,,12.0,10.0,,,13.0,,11.5,1.2909944487358056
905,905,,,,,,,,,,
906,906,,,,,,,,,,
907,907,,,,,,,,,,
908,908,,,,,,,,,,
909,909,,,,,,,,,,
910,910,5.0,,5.0,8.0,,,13.0,,7.75,3.774917217635375
911,911,,,,,,,,,,
912,912,,,,,,,,,,
913,913,,,,,,,,,,
914,914,,,,,,,,,,
915,915,,,,,,,,,,
916,916,,,,,,,,,,
917,917,4.0,,2.0,4.0,,,5.0,,3.75,1.2583057392117916
918,918,,,,,,,,,,
919,919,,,,,,,,,,
920,920,9.0,,8.0,7.0,,,13.0,,9.25,2.6299556396765835
921,921,,,,,,,,,,
922,922,,,,,,,,,,
923,923,,,,,,,,,,
924,924,,,,,,,,,,
925,925,,,,,,,,,,
926,926,13.0,,4.0,2.0,,,8.0,,6.75,4.856267428111155
927,927,,,,,,,,,,
928,928,,,,,,,,,,
929,929,,,,,,,,,,
930,930,,,,,,,,,,
931,931,,,,,,,,,,
932,932,9.0,,7.0,14.0,,,5.0,,8.75,3.8622100754188224
933,933,,,,,,,,,,
934,934,,,,,,,,,,
935,935,,,,,,,,,,
936,936,,,,,,,,,,
937,937,,,,,,,,,,
938,938,6.0,,5.0,8.0,,,11.0,,7.5,2.6457513110645907
939,939,,,,,,,,,,
940,940,,,,,,,,,,
941,941,,,,,,,,,,
942,942,,,,,,,,,,
943,943,,,,,,,,,,
944,944,17.0,,7.0,4.0,,,,,9.333333333333334,6.8068592855540455
945,945,,,,,,,,,,
946,946,,,,,,,,,,
947,947,9.0,,10.0,1.0,,,,,6.666666666666667,4.932882862316247
948,948,,,,,,,,,,
949,949,,,,,,,,,,
950,950,,,,,,,,,,
951,951,,,,,,,,,,
952,952,,,,,,,,,,
953,953,16.0,,9.0,8.0,,,,,11.0,4.358898943540674
954,954,,,,,,,,,,
955,955,,,,,,,,,,
956,956,,,,,,,,,,
957,957,,,,,,,,,,
958,958,,,,,,,,,,
959,959,19.0,,17.0,14.0,,,,,16.666666666666668,2.5166114784235836
960,960,,,,,,,,,,
961,961,,,,,,,,,,
962,962,,,,,,,,,,
963,963,,,,,,,,,,
964,964,9.0,,13.0,14.0,,,,,12.0,2.6457513110645907
965,965,,,,,,,,,,
966,966,,,,,,,,,,
967,967,,,,,,,,,,
968,968,15.0,,,,,,,,15.0,
969,969,,,,,,,,,,
970,970,,,,,,,,,,
971,971,,,,,,,,,,
972,972,,,,,,,,,,
973,973,,,,,,,,,,
974,974,3.0,,,,,,,,3.0,
975,975,,,,,,,,,,
976,976,,,,,,,,,,
977,977,,,,,,,,,,
978,978,,,,,,,,,,
979,979,6.0,,,,,,,,6.0,
980,980,,,,,,,,,,
981,981,,,,,,,,,,
982,982,,,,,,,,,,
983,983,12.0,,,,,,,,12.0,
984,984,,,,,,,,,,
985,985,,,,,,,,,,
986,986,,,,,,,,,,
987,987,,,,,,,,,,
988,988,,,,,,,,,,
989,989,4.0,,,,,,,,4.0,
990,990,,,,,,,,,,
991,991,,,,,,,,,,
992,992,,,,,,,,,,
993,993,,,,,,,,,,
994,994,,,,,,,,,,
995,995,10.0,,,,,,,,10.0,
996,996,,,,,,,,,,
997,997,,,,,,,,,,
998,998,,,,,,,,,,
999,999,,,,,,,,,,
1000,1000,,,,,,,,,,
1001,1001,6.0,,,,,,,,6.0,
1002,1002,,,,,,,,,,
1003,1003,,,,,,,,,,
1004,1004,11.0,,,,,,,,11.0,
1005,1005,,,,,,,,,,
1006,1006,,,,,,,,,,
1007,1007,,,,,,,,,,
1008,1008,,,,,,,,,,
1009,1009,,,,,,,,,,
1010,1010,12.0,,,,,,,,12.0,
1011,1011,,,,,,,,,,
1012,1012,,,,,,,,,,
1013,1013,,,,,,,,,,
1014,1014,,,,,,,,,,
1015,1015,,,,,,,,,,
1016,1016,11.0,,,,,,,,11.0,
1017,1017,,,,,,,,,,
1018,1018,,,,,,,,,,
1019,1019,,,,,,,,,,
1020,1020,,,,,,,,,,
1021,1021,,,,,,,,,,
1022,1022,12.0,,,,,,,,12.0,
1023,1023,,,,,,,,,,
1024,1024,,,,,,,,,,
1025,1025,,,,,,,,,,
1026,1026,,,,,,,,,,
1027,1027,,,,,,,,,,
1028,1028,11.0,,,,,,,,11.0,
1029,1029,14.0,,,,,,,,14.0,
1030,1030,,,,,,,,,,
1031,1031,,,,,,,,,,
1032,1032,,,,,,,,,,
1033,1033,,,,,,,,,,
1034,1034,,,,,,,,,,
1035,1035,12.0,,,,,,,,12.0,
1036,1036,,,,,,,,,,
1037,1037,,,,,,,,,,
1038,1038,,,,,,,,,,
1039,1039,14.0,,,,,,,,14.0,
1040,1040,,,,,,,,,,
1041,1041,,,,,,,,,,
1042,1042,,,,,,,,,,
1043,1043,,,,,,,,,,
1044,1044,14.0,,,,,,,,14.0,
