,Barnesiella intestinihominis,Barnesiella viscericola,Coprobacter fastidiosus,Lactobacillus intestinalis,Lactobacillus murinus,Lactobacillus reuteri,Lactobacillus taiwanensis,Parabacteroides distasonis,Prevotella sp. Smarlab 121567
0,0.5,0.5,0.5,0.5,0.5,0.5,1.0,1.0,0.5
1,1.0,0.5,0.5,0.5,0.5,0.5,0.5,0.5,0.5
2,0.5,0.5,0.5,0.5,17.723064539087552,189.91447908289354,0.5,0.5,0.5
3,0.5,0.5,0.5,0.5,0.5,352.0,18.0,0.5,0.5
4,2.376934320775213,2.4370265760340506,0.5,0.5,0.5,335.33355360375765,186.4863909544043,1.9940513419235368,6.387226296052817
5,3.887591262731096,3.749271655437,0.5,0.5,0.5,256.2738431510802,510.6628236905365,2.999395226890912,9.826501993927408
6,0.5,0.5,0.5,0.5,1.0,298.0,1006.0,0.5,0.5
7,0.5,0.5,0.5,0.5,284.62995328127835,517.2503503792043,1514.2136978612311,0.5,0.5
8,0.5,1.0,0.5,0.5,260.0,465.0,1182.0,0.5,0.5
9,25.0,25.0,0.5,2.0,44.0,32.0,45.0,18.0,60.0
10,0.5,0.5,0.5,0.5,1031.0,284.0,687.0,0.5,0.5
11,0.5,0.5,0.5,0.5,433.25542415849276,359.5870727287575,876.0139295367836,0.5,0.5
12,0.5,0.5,0.5,0.5,0.5,171.85703721563442,405.984440994156,1.7835453170186,5.597000550766282
13,0.5,4.0,0.5,0.5,21.0,0.5,3.0,1.0,8.0
14,0.5,0.5,1.0,0.5,2374.0,10.0,69.0,2.0,28.0
15,2.0,28.0,0.5,0.5,127.0,3.0,2.0,65.0,268.0
16,2.092777583473122,26.05420733526932,0.5,0.5,0.5,0.5,0.5,56.12773862080048,221.86307226256656
17,1.0,9.0,0.5,0.5,845.0,4.0,16.0,12.0,13.0
18,1.157422531751025,9.800442271392615,0.5,81.48874079217558,1364.5215635143236,17.31562471704098,152.0234559995451,8.79181197999528,0.5
19,1.4794147974596283,19.343884840067517,0.5,151.4574924683041,1116.8268940527196,23.490175764494758,238.07114880095122,39.18780261213363,0.5
20,0.5,18.0,0.5,104.0,556.0,9.0,124.0,75.0,5.0
21,0.5,8.0,0.5,13.0,111.0,6.0,1.0,83.0,37.0
22,40.0,40.0,0.5,314.0,67.0,185.0,501.0,76.0,49.0
23,130.0,64.0,0.5,443.0,272.0,417.0,79.0,173.0,294.0
24,63.0,95.0,0.5,456.0,16.0,223.0,144.0,105.0,124.0
25,7.5442975085612645,85.13920038150638,2.824233096010828,513.5703994996697,0.5,183.09356015808817,216.67678541167845,29.590025652707897,0.5
26,19.59402331437408,54.567610442235726,6.836038458641871,569.6931322352399,0.5,304.29315800008,171.77037970810463,23.214278625955398,0.5
27,94.0,48.0,9.0,533.0,13.0,359.0,183.0,102.0,211.0
28,173.0,81.0,8.0,361.0,23.0,283.0,405.0,206.0,529.0
29,117.0,85.0,7.0,251.0,45.0,397.0,677.0,149.0,257.0
30,136.0,89.0,4.0,369.0,31.0,330.0,428.0,207.0,288.0
31,151.0,115.0,3.0,190.0,9.0,230.0,563.0,217.0,291.0
32,109.88557638920113,100.20055902351105,2.03234233924033,3.105866854280981,142.27166946457623,128.54490097091428,600.0136033588802,156.0120174010584,197.4649555044142
33,45.01611280553778,56.93178629082604,0.7930536463863753,0.5,314.23664010393924,62.373817937451804,429.64592495281886,81.8612451673332,94.25179504822285
34,2.0,23.0,0.5,156.0,326.0,92.0,172.0,53.0,59.0
35,2.0,19.0,0.5,468.0,117.0,173.0,72.0,81.0,95.0
36,2.0,15.0,0.5,476.0,30.0,39.0,514.0,66.0,28.0
37,41.90095435049619,25.652386286089957,0.5,446.92201272769967,1.159120057252764,0.5,802.860152705601,110.04676148995868,16.175793283232384
38,87.0,38.0,0.5,465.0,37.0,20.0,824.0,169.0,47.0
39,92.10024617676743,35.869348771243445,0.5,506.31701562892715,169.44296169930618,39.99335587120889,694.041546820587,169.77236585302668,53.39126946635006
40,78.23614869137987,36.15063858138448,0.5,534.485443495974,311.6279934140349,35.55988949774375,514.0026195659553,145.76472563555387,40.60952301903886
41,83.0,64.0,0.5,510.0,347.0,17.0,381.0,157.0,32.0
42,105.0,105.0,1.0,439.0,272.0,28.0,332.0,203.0,37.0
43,59.0,63.0,0.5,469.0,333.0,147.0,283.0,145.0,32.0
44,54.0,53.0,0.5,576.0,249.0,177.0,401.0,126.0,55.0
45,65.92011627293537,58.677573787387566,0.9778850966072101,553.159124803856,147.50993457808792,148.79415295238212,410.40165058218224,122.14919050500399,106.28854496315306
46,77.21052362990089,64.97629224123166,2.314928904409132,412.2837999447455,80.6071452515648,104.51164060595772,297.36195664974036,116.4084910578498,167.30285626445794
47,85.7408728503987,71.03622380138196,3.5630301639074498,232.92891268370687,39.54938863599774,67.53205178334227,155.3214374262074,111.59319635819361,218.47289508418635
48,89.380814713931,75.99743690768818,4.274087615603844,94.649350281779,15.594421346953766,61.23497530715122,77.7206121351162,110.5186011056916,240.22862260260982
49,86.0,79.0,4.0,77.0,0.5,109.0,158.0,116.0,213.0
50,82.26124149338827,81.34780028041222,2.7046679914853096,207.43431349427834,0.5,206.80237616159422,400.4799337329137,134.6161928623159,155.55329481253267
51,120.0,93.0,2.0,305.0,6.0,241.0,453.0,188.0,240.0
52,221.0,124.0,3.0,245.0,52.0,158.0,156.0,269.0,539.0
53,308.9740280440772,171.30438349360625,3.828496704695531,250.4685782416246,62.93087800199407,171.99272998116382,209.35709761935408,277.1357171347872,689.6424838338554
54,348.02459393031336,210.71616576309583,4.297213322894129,310.01529374157195,41.59936260463755,256.4978831078149,524.8918918341509,226.8266610482386,653.5525820292635
55,319.56286285139277,213.2698651510375,4.867323279645662,326.5543623707332,13.468165904962248,303.00409468055864,746.9807401318724,169.35427443757072,507.9363892100399
56,205.0,150.0,6.0,203.0,4.0,203.0,520.0,156.0,330.0
57,68.0,53.0,7.0,47.0,20.0,75.0,69.0,179.0,226.0
58,119.0,85.0,5.0,321.0,21.0,381.0,641.0,130.0,311.0
59,76.0,93.0,4.0,256.0,38.0,148.0,135.0,234.0,374.0
60,37.70522143347192,99.52126991437659,3.7143189110288497,149.98217261838948,58.22701597249856,0.5,0.5,320.548459227126,388.2487673827171
61,40.653458965768564,119.46519933381907,3.759367517453365,119.90352642487086,73.92237259127586,0.5,0.5,344.47271238232923,376.58509729949475
62,67.27496701518089,146.42652908635202,4.174732365151198,132.3731170189168,83.40654291441524,88.79945276816062,0.5,329.41060934636783,355.6288785665251
63,100.0,174.0,5.0,154.0,85.0,176.0,54.0,299.0,342.0
64,124.52909720436513,196.39793958688625,6.220236547005146,158.40169600655258,77.92228053677304,161.7623683184783,47.312372469380065,272.9253207761796,348.16180112998705
65,139.64393737580926,210.30302209552892,7.602426447682907,147.22958583284463,64.9891757361157,75.4079988722101,0.5,255.0573543166438,369.95142434205434
66,147.39648412771353,213.01550845854482,8.859033722677278,129.14351531210585,49.91554044006881,0.5,0.5,245.3134698153251,399.04946273564576
67,149.83870107345928,201.8356596085507,9.702522392632254,112.80333027756572,36.41622949067331,0.5,0.5,243.61103646615643,427.1365094102048
68,149.02255182642767,174.06373647816352,9.845356478191828,106.86887656245392,28.206097729970068,0.5,0.5,249.86742346307048,445.89315746517497
69,147.0,127.0,9.0,120.0,29.0,151.0,139.0,264.0,447.0
70,146.0,74.0,9.0,135.0,36.0,407.0,643.0,273.0,420.0
71,144.46042983025893,66.9462768868028,16.172151984777585,75.08867301249371,28.64335953809232,258.4878416978573,525.3793674825174,233.67625299305072,355.32164844441303
72,123.0,71.0,23.0,13.0,13.0,76.0,220.0,176.0,279.0
73,76.0,48.0,16.0,32.0,1.0,243.0,294.0,138.0,231.0
74,54.53232231685403,35.69891669748882,0.5,91.45197135823744,0.5,349.41984904898675,498.58609996156974,110.02588042458575,251.40319403949812
75,62.50699312068673,39.927231833121674,0.5,154.76799953874445,0.5,323.9451416608173,693.2623194362475,93.68002349680685,313.34989551996443
76,87.47816736417607,52.94193105219368,0.5,194.70002794987926,0.5,238.49786344223924,820.8073791928016,96.74415482062452,372.1216492404484
77,117.0,67.0,38.0,184.0,4.0,165.0,824.0,127.0,383.0
78,139.76261344841603,76.07415061396124,202.45665221066383,112.08091551613592,13.416893032014796,153.805979456906,684.0635516464356,183.82756784623587,319.99115861860554
79,149.0,81.0,364.0,35.0,22.0,169.0,536.0,233.0,232.0
80,141.65873703163965,83.95002822450982,434.8911197068769,9.531415590407239,26.860756199532208,165.03636940900427,513.7808496634118,242.34861398663716,174.3935180118722
81,124.99187239515273,85.58126202726595,427.0945536954869,28.67284529989646,28.635753913171946,144.12006377012273,593.477164099397,221.54429804083435,153.48851829397972
82,108.82907156108944,86.17186481638912,377.50071083635356,69.47785235943746,28.84287467022571,120.39372624617984,711.6848964856836,190.71783307461442,163.3392594290974
83,103.0,86.0,323.0,109.0,29.0,108.0,805.0,170.0,198.0
84,113.193144824654,85.24415565292429,291.5953949335109,129.01859520375712,30.500929257034244,116.81334595158229,824.0721660019847,173.49172412730945,249.066302139271
85,128.53227971669853,83.68411851680747,275.7401288902144,130.2159199576942,34.24313309679957,139.6354960496247,775.7660385789202,191.17450836004394,298.2989421787286
86,134.0,81.0,259.0,118.0,41.0,165.0,681.0,207.0,325.0
87,118.7850159746264,77.0965218187762,229.43288735263593,97.82316750922743,51.03488926200783,183.9005239391702,560.8376766045792,208.59544030728736,314.72889912946573
88,88.90049784545164,72.77684692110584,193.0649938774061,75.31498042538679,62.5710434368682,197.17119972595455,436.92367101266166,198.29044637526712,278.07443767252147
89,54.56573079355103,69.06874856288258,160.41460346347318,56.149303128852786,73.32167589329447,208.10627564976164,331.04782991441334,182.09022925561334,231.88275737931653
90,26.0,67.0,142.0,46.0,81.0,220.0,265.0,166.0,193.0
91,11.174798066021816,67.30754793492777,145.53703105819528,48.94904631499151,83.903387848944,235.19672286578063,254.34788036273505,154.8707837016625,174.62056837234167
92,9.070447273431489,69.56503285643961,167.53179893745164,62.71086093314401,82.66584642506896,252.24120153502432,289.77057970852167,148.9368616200816,175.33190968459286
93,16.419477324191952,73.0552686998852,201.68796961920765,83.40797360956263,78.50554143656325,268.7282950953542,355.72505914641044,147.2783290562994,190.06973221262515
94,29.954417920266096,77.06106940061434,241.7092090849019,107.1629140993524,72.64063859161514,282.2528626343935,436.668279785452,148.97528131135803,213.76974423231036
95,46.40779876361687,80.8652488939767,281.299183315973,130.09821215761852,66.28930359841301,290.4097632397655,517.0572027346971,153.1078136862996,241.3676540195201
96,62.512149556207234,83.750621115322,314.16155829385957,148.33639753946605,60.669702165145196,290.79385599909324,581.348789103196,158.75602148216623,267.7991698501261
97,75.0,85.0,334.0,158.0,57.0,281.0,614.0,165.0,288.0
98,81.42403886895498,84.15073531620169,336.2548889850023,156.28779012564988,56.150738368485776,259.5809884230218,604.1120743877146,171.10609108566098,298.21912940051845
99,82.61759122501896,81.75832016348325,323.3134640761516,144.70350182814178,57.6019607653909,228.92135082034582,559.3633626431695,177.08562276428077,299.95864960507714
100,80.23414120213553,78.63278347424212,299.2996786699018,125.82710985052631,60.486086242823745,192.3635508370721,492.07649299674847,183.13616960580916,296.0339288225769
101,75.92717293424832,75.58415418087579,268.3374861627076,102.2385889358539,63.9355338528927,153.25005211830066,414.57409367883645,189.45530618019563,289.2603352619184
102,71.35017055530093,73.42246121578167,234.55083995102302,76.51791382717506,67.08272264770613,114.92331830913147,339.1787929198181,196.24060705738987,282.4532371320023
103,68.15661819923696,72.95773351135726,202.06369343130237,51.24505926754027,69.06007167937246,80.72581305466454,278.2132189500779,203.68964680734143,278.4280026417292
104,68.0,75.0,175.0,29.0,69.0,54.0,244.0,212.0,280.0
105,72.05616016078218,80.06327173321007,156.60084740412768,11.92894770135956,66.28083068877469,37.30731178032456,245.53326815054592,221.19756332595608,289.04227262616774
106,79.59038316176968,87.47748823889856,146.5758607929276,0.5,61.264502933192496,30.085056991172504,278.4931708849816,230.6215219583637,303.65856478139597
107,89.39031355239713,96.27657116407924,143.75179966619942,0.5,54.55885994782689,30.989513218164884,335.23135953714984,239.43938319101792,321.0102959373004
108,100.24359588209921,105.49444215576592,146.9554235237429,0.5,46.77174494725136,38.676958046922756,408.09948544089315,246.81865431771368,338.2588855654971
109,110.93787470031063,114.16502286097243,155.01349186535768,0.5,38.511001146039376,51.803669063067176,489.4491999300542,251.92684263224595,352.5657531376021
110,120.26079455646601,121.3222349267125,166.75276419084346,9.899108830606206,30.384471758764427,69.02592385221925,571.6321543384756,253.9314554284097,361.09231812523103
111,127.0,126.0,181.0,26.0,23.0,89.0,647.0,252.0,361.0
112,130.23134993509672,127.47635674711026,196.7332770189384,47.37757484323599,16.84628708485454,110.51479398537133,709.3174756508793,245.56292950635577,350.26795885907103
113,130.18356068493782,126.005811911365,213.5359458790155,73.14492580410581,11.935466230576361,132.88967786065848,758.0016696370022,235.102480568992,330.1463173017909
114,127.37356292745439,122.08698925534745,231.1426754378995,102.24228454604358,8.160528654948742,155.57664257152757,793.8827577066671,221.36383567496785,302.70293855305215
115,122.31828734057743,116.21851254164093,249.28813455325866,133.6098827324834,5.414465575754964,178.02767906364474,817.7909156081718,205.09217731134228,270.0056858377477
116,115.53466460223804,108.89900553282867,267.70699208276136,166.18795202685942,3.590268210778304,199.694778282676,830.5563190898146,187.03268796517438,234.1224223807704
117,107.5396253903673,100.62709199149396,286.1339168840756,198.9167240926057,2.580927777802048,220.02993117428753,833.0091438998936,167.93055012352315,197.12101140701284
118,98.85010038289629,91.90139568022003,304.30357781486975,230.73643059315643,2.279435494609473,238.4851286841454,825.979565786707,148.53094627344768,161.0693161413679
119,89.983020257756,83.22054036159022,321.9506437328121,260.58730319194564,2.5787825789838585,254.5123617579157,810.2977604985525,129.579058902007,128.0351998087284
120,81.45531569287755,75.08314979818772,338.80978349557097,287.40957355240744,3.3719602487084845,267.5636213412645,786.7939037837285,111.82007049626017,100.08652563398701
121,73.78391736619199,67.9878477525959,354.61566596081445,310.14347333797605,4.551959721566625,277.09089837985795,756.2981713905333,95.99916354326616,79.29115684203657
122,67.48575595563038,62.433257987397894,369.10295998621086,327.72923421208554,6.01177221534158,282.5461838193621,719.6407390672648,82.86152053008414,67.71695665777003
123,63.07776213912382,58.9180042651771,382.0063344294284,339.1070878381699,7.644388947816598,283.3814686054431,677.6517825622211,73.15232394377307,67.43178830607985
124,61.07686659460333,57.94071034851669,393.0604581481354,343.21726587966344,9.342801136774995,279.04874368376704,631.1614776237,67.61675627139209,80.5035150118589
125,62.0,60.0,402.0,339.0,11.0,269.0,581.0,67.0,109.0
126,66.12057391060442,65.34913335491528,408.55269202525153,325.9242294965727,12.518873518334724,253.08161856118596,528.6026679157088,71.66136836136012,153.6133120323935
127,72.73792339114532,73.25991603937089,412.418518994363,305.57372420260907,13.841896724861327,232.7175406198805,477.82536950057244,80.41669756605133,209.53234201891942
128,80.90786438371097,82.75879005218019,413.29052886036857,280.06096158529544,14.921441415721766,209.72609749001703,433.1291353606264,91.69595456935666,270.5701864064553
129,89.68621283038965,92.87219739215655,410.8617695763023,251.4984191118182,15.709879387057995,185.92562048552898,398.9749961019064,103.92910632655911,330.53994164187884
130,98.12878467326962,102.62658005811336,404.8252890951982,221.99857424936363,16.159582435011973,163.13444092034985,379.8239823304482,115.54611979294165,383.2547041720674
131,105.29139585443916,111.04838004886393,394.87413537009036,193.67390446511817,16.222922355725668,143.17089010841298,380.13712465228724,124.97696192378734,422.5275704438987
132,110.22986231598652,117.1640393632217,380.701356354013,168.6368872262682,15.852270945341022,127.8532993636519,404.37545367345933,130.6515996743791,442.1716369042504
133,112.0,120.0,362.0,149.0,15.0,119.0,457.0,131.0,436.0
134,110.12423774424927,118.95945005280363,338.80338082058006,136.2605343966988,13.687438794187987,117.68646742212381,539.3066296300285,125.19140038590902,400.81939595143706
135,105.99145596922973,114.95256199440315,312.5058795662599,129.45503859954533,12.211746515764078,122.0167533976222,639.9305501299972,115.35212043726911,345.4111200724995
136,101.45714799111822,109.26625439236055,284.8421435470406,127.00487493491914,10.9390398309308,129.35205378482706,744.3418044584425,104.34775028921929,281.55010745053704
137,98.37680712609153,103.18744581423783,257.5468200729234,127.33140572919979,10.235435405890678,137.05356444207035,838.0104355739007,95.04388007689852,221.01129317289974
138,98.60592669032653,98.00305482759698,232.35455645390948,128.8559933087669,10.467049906846238,142.48248122768402,906.406486434908,90.30609993544576,175.56961232693743
139,104.0,95.0,211.0,130.0,12.0,143.0,935.0,93.0,157.0
140,115.71774279462005,95.11767276773497,194.82819121746058,129.52460332319396,15.047969378881312,136.7902202800462,913.908945163471,105.0283530147835,173.41170811820413
141,132.1307605070198,97.90535604199431,183.6257433976144,127.55024157430454,19.214909846326798,125.32885623963466,851.8429945626445,124.4426621603516,218.25125596273386
142,150.9138809933637,102.56480560269657,176.78966302804903,124.53716824320291,23.952340232499896,110.91452571327335,762.1597467706023,148.33161322634297,281.29947965354006
143,169.74193210981622,108.29777722976027,173.71695659635208,120.94563681976017,28.71177936756404,95.84584653547024,658.2168003604254,173.78389200239616,352.3372153105738
144,186.28974171254166,114.30602670310392,173.80463059011115,117.2359007938474,32.94474608168269,82.42143654073337,553.3717539051952,197.88818427814982,421.14529905378566
145,198.23213765770447,119.7913098026461,176.44969149691374,113.86821365533574,36.10275920501927,72.9399135635707,460.9822059779934,217.73317584324258,477.5045670031267
146,203.2439478014691,123.95538230830527,181.0491458043475,111.30282889409621,37.637337567737234,69.69989543849023,394.4057551519012,230.40755248731313,511.1958552785479
147,199.0,126.0,187.0,110.0,37.0,75.0,367.0,233.0,512.0
148,184.1984750896167,125.39054144129531,193.74871943196155,110.28817076255606,33.86980794982672,90.15798488575658,387.0615409549121,223.7482755712343,473.63801471144956
149,161.63096582725947,122.64687633034234,200.93960489033333,111.96854616982503,28.835993336659303,112.568166946011,442.64298588742355,205.48642199211704,405.59162265292593
150,135.11241795002374,118.55249714893868,208.26641602571917,114.7105215095054,22.715330697795324,138.64400283416293,516.7359445278612,182.19755345404155,321.2827244884742
151,108.45777719500498,113.890896378882,215.42291248872297,118.18349206929565,16.324594570532383,164.79894920361195,592.3320266065518,157.8647841484013,234.13322088213923
152,85.48198929929859,109.44556650196989,222.10285392994865,122.05685313689438,10.48055949216808,187.44646270775775,652.4228418538225,136.4712282665896,157.56501249796622
153,70.0,106.0,228.0,126.0,6.0,203.0,680.0,122.0,105.0
154,64.82926612106453,104.13955254364127,232.89551719856183,129.67376369227412,3.494117214057321,208.76040063780593,662.8869100387525,117.44513605763814,86.48660156868193
155,68.797288833887,103.65703255904803,236.92019942164222,132.70471823123052,2.7518185852955375,205.5780357949134,608.2341780171129,121.8443632189591,98.57930545003828
156,79.73408039672205,104.14711166124592,240.29224741433026,134.71087338034604,3.356438147401729,195.190659549128,528.0242092454556,133.24633078103034,134.45911740649154
157,95.46965306782437,105.2044614652606,243.22986192171496,135.31023890309757,4.891309934062971,179.33602597825512,434.2394090341546,149.69968804091928,187.30704320046425
158,113.83401910544865,106.42375358611768,245.95124368888523,134.12082456296184,6.939767978966339,159.7518891601004,338.8621826935844,169.25308429569327,250.30408859437892
159,132.65719076784956,107.39965963884286,248.67459346093014,130.76064012341578,9.08514631579892,138.1760031724693,253.87493553411906,189.95516884241977,316.63125935065807
160,149.76918031328177,107.72685123846176,251.61811198293876,124.84769534793627,10.910778978247773,116.34612209316735,191.26007286613276,209.85459097816627,379.46956123172447
161,163.0,107.0,255.0,116.0,12.0,96.0,163.0,227.0,432.0
162,170.76595357908488,104.97671455972878,258.8916233996869,104.12309804379923,12.080877731583582,78.65133340361112,176.6933035145064,239.8531815967727,469.001480353386
163,173.82851077292136,102.06635163890118,262.77700863950844,90.27267024638726,11.46041779089023,64.91758854599757,222.40329506208462,248.52846702447283,491.6445027316955
164,173.53543279672022,98.84120498001589,265.9933473194576,75.79193157553271,10.590360112652569,55.192174101994524,285.8094675635789,253.55332393087303,502.69746651022024
165,171.23448086569235,95.87356832557151,267.87783103952717,62.02409699900424,9.922444631603225,49.86849874643713,352.5913139398334,255.45521996374583,504.92877106425146
166,168.27341619504864,93.73573541806665,267.7676513997104,50.31238148457046,9.908411282474828,49.339971154160565,408.42832711169234,254.76162277086394,501.10681576908087
167,166.0,93.0,265.0,42.0,11.0,54.0,439.0,252.0,494.0
168,165.40203380554956,94.04673222915319,259.13149657037866,38.058951166712376,13.540075921435504,63.942624225354834,434.03746559708514,247.72759622322653,485.93707777718004
169,166.02748037586977,96.48860792444015,250.59647336078754,37.97636822073058,17.436004994134617,78.0644038378814,399.47841718121464,242.6207637098157,477.4882217003113
170,167.0643427849254,99.74637932005781,240.0486907511574,40.86816805172852,22.486278367974744,94.96252911180027,345.3121881021397,237.38563165333952,468.783959013964
171,167.70062410668112,103.24079865020313,228.1419091214191,45.850267549380064,28.489387192833306,113.23419032133211,281.528111709612,232.72832924737003,459.9548169627081
172,167.12432741510173,106.39261814907307,215.52988885150342,52.0385836033591,35.2438226185877,131.47657774069737,218.11552135338277,229.3549856854793,451.1313227911137
173,164.52345578415188,108.62259005086456,202.8663903213411,58.54903310333951,42.54807579511534,148.28688164411673,165.06375038320346,227.97173016123935,442.4440037437507
174,159.0860122877964,109.35146658977453,190.80517391086306,64.49753293899516,50.20063787229364,162.26229230581072,132.36213214882548,229.28469186822224,434.0233870651895
175,150.0,108.0,180.0,69.0,58.0,172.0,130.0,234.0,426.0
176,136.8821620234543,104.23076603483968,170.94186771728062,71.41244626899035,65.87616037338748,176.5098008379241,164.12243227495213,242.39191171981415,418.2705224539301
177,121.06420157575863,98.67363452399965,163.47073118562506,72.05126410045267,74.28514536871165,176.45191427889884,225.49748726580054,253.0071960695841,409.7962449774389
178,104.30656190323916,92.20029881628778,157.26378327655124,71.47294094183586,83.81448840750379,172.899165619259,301.0489682531373,263.96075006089876,399.30461078216337
179,88.3696862522221,85.68245226051197,151.99821686157716,70.23396424058885,95.05172291129503,166.92438015533935,377.70067851755476,273.3674707053471,385.5230630797404
180,75.01401786903364,79.99178820548009,147.35122481222075,68.89082144416061,108.58438230161671,159.60038318347478,442.3764213396448,279.34225501451783,367.179045081807
181,66.0,76.0,143.0,68.0,125.0,152.0,482.0,280.0,343.0
182,62.55062597306691,74.30808639331998,138.7217145670983,68.01252323503097,144.4517509325737,145.08184065727693,487.27800515628616,274.08715234449454,312.66535018340124
183,63.739089442658226,74.43426773644975,134.69345773836065,68.95755799407738,165.35537604385695,139.3476542317757,464.0481769744651,262.87635741515066,279.6624345308724
184,68.10113414481737,75.62606978083946,131.1922980092976,70.75880700143804,185.6922577829664,135.1849745559935,421.9310429975726,248.27181025022963,248.43057107871974
185,74.17250381558772,77.13101827793922,128.49530387541952,73.3399729814118,203.44377859901877,132.98133546242767,370.5471307686441,232.17770588799277,223.40907786324973
186,80.48894219101267,78.19663897919914,126.87954383223692,76.6247586582975,216.59132094113068,133.1242707835753,319.5169678307153,216.4982393667014,209.03727292076883
187,85.58619300713563,78.07045763606936,126.62208637526027,80.53686675639393,223.11626725841887,136.00131435193367,278.4610817268221,203.13760572461672,209.75447428758343
188,88.0,76.0,128.0,85.0,221.0,142.0,257.0,194.0,230.0
189,86.74493286563036,71.52474743915542,131.08420294166305,89.97499911452059,208.97122442899348,151.31267316465036,262.17538353414403,190.41750666309295,272.35481685026224
190,82.75086513997597,65.3520037885569,135.12101239424214,95.57125682978491,188.74793706452945,163.35092570027624,290.71342657658676,191.4337679120587,331.966486654363
191,77.42649631896737,58.48102849994005,139.15059529142647,101.93530387672837,162.79545723974093,177.33116106564796,336.7614567155202,195.52031537704065,402.1242199842324
192,72.18052589853498,51.91108102504038,142.21311856690522,109.21367098628627,133.57910428776083,192.46978271953586,394.4668015391362,201.14868068818228,476.1172274118006
193,68.42165337460932,46.64142081559345,143.34874915436762,117.55288888939396,103.56419754172201,207.9831941207103,457.9767886356269,206.79039547562704,547.234719508998
194,67.55857824312082,43.6713073233348,141.5976539875028,127.09948831698676,75.21605633475744,223.08779872794153,521.4387455931842,210.91699136951846,608.7659068477543
195,71.0,44.0,136.0,138.0,51.0,237.0,579.0,212.0,654.0
196,79.67310016940401,48.28437998149871,126.00501138609582,150.28468782879972,32.81715856453317,249.0214757996351,625.7165824637764,208.97642424100746,678.2655012893541
197,92.5789883883969,55.81181514043715,112.69814138221663,163.5187483314748,20.3119048312423,258.7950016055128,660.2793356702553,202.64515194164605,685.0480800461922
198,108.23725632226933,65.52729503359562,97.57390048533628,177.15111119554467,12.564422296963237,266.04862730027827,682.287805324689,194.2705421948135,679.8726973525789
199,125.16749563631204,76.37580921775445,82.12679919242854,190.6307061085289,8.654894458531828,270.51040276657653,691.3415371323293,185.1169540934074,668.2643142905787
200,141.88929799581578,87.30234724969398,67.85134800046724,203.40646275794705,7.663504812783948,271.9083778870528,687.0400767984285,176.44874673032533,655.7478919422563
201,156.92225506607116,97.25189868619455,56.24205740642617,214.9273108313186,8.670436856555447,269.97060254435195,668.9829700282386,169.53027919846502,647.8483913896758
202,168.785958512369,105.16945308403643,48.793437907279156,224.64218001616305,10.755874086682162,264.4251266211194,636.7697625270117,165.62591059072406,650.0907737149023
203,176.0,110.0,47.0,232.0,13.0,255.0,590.0,166.0,668.0
204,177.46311563899195,110.9807833882746,51.722639309938195,236.56860001550842,14.672830226706914,241.6286659040077,529.8027034853122,171.3873974400512,704.5408769662013
205,173.59061931832127,108.51806479268576,61.28779197594587,238.39140747600544,15.80370893044945,225.0661409176313,463.4247953524845,180.4049166080783,752.4375938914087
206,165.17696937170138,103.31036015446807,73.38827926525084,237.63074933996762,16.61181240823628,206.2728349657282,399.6426733039098,191.1398621221427,801.8541856926928
207,153.01662413284583,96.05618541485607,85.71692244508094,234.44895256587156,17.31631695707608,186.20915797315604,347.2327350419812,201.6795386003057,842.9546872871235
208,137.9040419354681,87.45405651508435,95.96654278266394,229.00834411219387,18.13639887397752,165.83551986477227,314.97137826909125,210.11125066062868,865.9031335917716
209,120.63368111328167,78.20248939638748,101.82996154522769,221.47125093741118,19.291234455949265,146.11233056543443,311.63500068763324,214.52230292117304,860.8635595237068
210,102.0,69.0,101.0,212.0,21.0,128.0,346.0,213.0,818.0
211,82.88515205019188,60.522268209289344,92.04328851036713,200.9668928369785,23.39780238137705,112.37589639975529,422.530749917943,204.50592993059536,731.936207976401
212,64.52207120184701,53.35362967615422,77.02169382434926,189.58412929953113,26.283470788282415,99.78522122170165,528.4435281906489,191.49881440814238,615.1348085633775
213,48.231386513810406,48.05558399462617,58.87089178612498,179.27388381738365,29.371764987156734,90.69013422926916,646.6425885766624,177.31165854324874,484.518144910078
214,35.333727044927045,45.18963075873675,40.52655823987293,171.45833082026203,32.377444744440666,85.55279518588799,760.0321848345287,165.27746744652202,357.00856016565
215,27.149721854041918,45.31726956251751,24.924369029771725,167.5596447378922,35.01526982657488,84.83536385498823,851.516570722793,158.72924622856988,249.5283974792414
216,25.0,49.0,15.0,169.0,37.0,89.0,904.0,161.0,179.0
217,29.71293187868333,56.50927022292808,12.936633838025497,176.5425672562032,38.12031259922919,98.09582617598977,905.2983458545825,174.21923822887263,157.60977073720656
218,40.14785323412209,66.95632261389488,17.907480604472504,188.3145020356868,38.46055523106553,110.51981610456936,862.873959194522,195.70248781305844,178.6003521406734
219,54.67184114738349,79.16234811320585,28.333257203254444,201.78395608752763,38.178993070384614,124.25590629898691,789.1008103576879,221.5617800078807,230.47844652034607
220,71.65197269953475,91.9485376611664,42.63468053828474,214.4190811608025,37.433891292062015,137.28803327249057,696.3528696819495,247.9091460686627,301.7507561861697
221,89.45532497164311,104.13608219808198,59.23246751347683,223.68802900458832,36.38351507097333,147.60013353832855,597.0041075051759,270.8566172507277,380.92398344808976
222,106.44897504477579,114.54617266425805,76.54733503274409,227.05895136796187,35.18612958199413,153.17614360974898,503.4284941652362,286.5162248093991,456.5048306160514
223,121.0,122.0,93.0,222.0,34.0,152.0,428.0,291.0,517.0
224,131.87093991618536,125.6532315932169,107.25128077162815,206.91246894544858,32.946461818263835,142.7830109016468,380.2024688287586,281.67586472841424,553.7000196285518
225,139.40618686341134,125.99944062223216,118.92240151389309,183.93022143172968,31.999131803647746,127.14597122452263,357.95923839649316,260.9353035027671,569.030720405006
226,144.34559590955962,123.86667671297273,127.87468784552952,156.12026298193436,31.094697041411138,107.43704755777766,356.30351992960755,232.42569148174442,568.2017589513325
227,147.42902212251212,120.08298949136564,133.9694653852722,126.5495991191537,30.169844616813435,86.0044064905622,370.2685246545051,199.794403824032,556.4227918895014
228,149.39632057015058,115.4764285833378,137.0680597518558,98.28523536647886,29.161261615114057,65.19621461202647,394.88746379758953,166.6888156883155,538.9034758414825
229,150.98734632035683,110.87504361481629,137.03179656401522,74.39417724700093,28.00563512157241,47.36063851132069,425.19354858526447,136.75630223328085,520.8534674292459
230,152.94195444101274,107.10688421172802,133.722001440485,57.9434302838109,26.63965222144792,34.84584477759515,456.21999024393347,113.64423861761372,507.4824232747619
231,156.0,105.0,127.0,52.0,25.0,30.0,483.0,101.0,504.0
232,160.6726197185875,105.12785260423603,116.89109580585587,58.44071897703945,23.06551887014229,34.30813475947241,501.4608132255311,101.44189756550497,514.1461295098624
233,166.556076931592,107.04555164374707,104.07650419959222,74.38172802992139,20.98366255540536,45.80273560409691,511.1057618752466,113.47198660471234,535.781844840978
234,173.01791662721715,110.05361873652092,89.40141846730954,95.74899503201817,18.944038106973995,61.6531530737449,512.3322020495297,134.5632584345854,565.2984543129085
235,179.4256837936668,113.45257550054536,73.71103189510846,118.46848785670207,17.136252576032984,79.02873770828779,505.5374898487633,162.18870437208744,599.0872662452146
236,185.14692341914466,116.54294355380816,57.85053776908947,138.4661743773455,15.74991301376712,95.09884004759702,491.11898137333094,193.8213157341817,633.5395889574579
237,189.5491804918545,118.62524451429711,42.665129375353125,151.66802246732072,14.974626471361198,107.03281063154392,469.4740327236154,226.9340838378315,665.0467307691993
238,192.0,119.0,29.0,154.0,15.0,112.0,441.0,259.0,690.0
239,192.12476374876445,117.20745714487207,17.713000766373405,142.76502492097012,15.93423279193258,108.08186813302999,406.3951792115351,287.7378929452809,705.7814385014561
240,190.58020081124894,113.74676514673847,9.712614146787802,120.77381546467471,17.559892603665013,97.00831277147226,367.5616260019405,311.8499410287892,713.7360222533028
241,188.28087707753414,109.35679871939183,5.9199804508004235,92.21403993777196,19.578139332767634,81.42134109635865,326.70233592360273,330.28416001326997,716.1994607673105
242,186.14135843770066,104.7764325766248,7.256239987968504,61.273366646919875,21.690132876810782,63.96296028872089,286.02030452890875,341.9885656614685,715.507463555249
243,185.07621078182905,100.74454143222997,14.642533067849282,32.13946389877651,23.597033133364796,47.275177529590756,247.71852737024565,345.91117373613014,713.9957401288889
244,186.0,98.0,29.0,9.0,25.0,34.0,214.0,341.0,714.0
245,189.50748739631644,97.07259466592436,50.67876775162282,0.5,25.672026732481186,26.090580916623985,186.57043625238012,326.80959076962836,717.123736627442
246,194.9142159309705,97.65575850477994,77.74490992049968,0.5,25.673440019350892,22.74465763871218,165.14642308887937,305.3206145767848,722.0415792584314
247,201.2159239781768,99.23383626354052,107.69348676205745,0.5,25.13639990734613,22.47111356115763,148.94726575281243,279.12027050704427,726.6959410872744
248,207.40834991214984,101.29117268917986,138.01955853172296,0.5,24.193066443203882,23.778832078853373,137.19226948749403,250.79575764598133,729.0292353082766
249,212.48723210710415,103.3121125286717,166.2181854849231,10.841295535813753,22.97559967366115,25.17669658669244,129.1007395362389,222.93427507917076,726.9838751157445
250,215.44830893725424,104.78100052898985,189.78442787708477,25.01655022594334,21.61615964545493,25.173590479567885,123.89198114236173,198.12302189218715,718.5022737039836
251,215.2873187768147,105.18218143710801,206.2133459636348,40.243370680220806,20.24690640532222,22.278397152372733,120.78529954917718,178.9491971706054,701.5268442673001
252,211.0,104.0,213.0,55.0,19.0,15.0,119.0,168.0,674.0
253,201.90543328208062,100.85269150977159,208.45837663721886,68.0553417123309,17.984863419480835,2.809184114137416,117.87514505351982,166.86854808279307,634.5316900054465
254,188.6160685025508,95.89405343905682,194.17816810877596,79.34094104704803,17.21997142677946,0.5,117.22882652992593,173.1716335887958,584.4020070232324
255,172.06769784196067,89.41177380562176,172.56799304376742,89.07900365968203,16.701061728166184,0.5,116.9988935647826,183.53196730466658,525.5585797020075
256,153.1961134808604,81.69354062723248,146.03647007128944,97.49173520576356,16.4238720299113,0.5,117.1231952936541,194.57226001706394,459.9490366904218
257,132.93710759980004,73.02704192165504,116.9922178204381,104.80134134082331,16.384140038285107,0.5,117.53958085210468,202.9152225126463,389.5210066371253
258,112.22647237932988,63.69996570665551,87.84385492030958,111.23002772039192,16.57760345955791,3.5505733786898475,118.18589937569855,205.1835655780722,316.222118190768
259,92.0,54.0,61.0,117.0,17.0,46.0,119.0,198.0,242.0
260,73.08232415620346,44.221671071839175,38.44886996320993,122.27270065294788,17.65466641008858,110.55220317592119,120.12853096821468,179.1786661381185,169.1270810620784
261,55.85344459770495,34.68685820186228,20.497074812057544,126.96651942361413,18.575335617128456,191.5626862584589,122.55333695411395,151.29942264423744,101.17499176868968
262,40.58220258811214,25.72427892214319,7.030822823265434,130.93908287414706,19.803339592631318,281.40199455488755,127.46506173911052,118.13355774319682,42.04016286012768
263,27.537439391032617,17.66265076475576,0.5,134.04801756669488,21.380010308108872,372.4406733724817,136.05434910461722,83.4523596598366,0.5
264,16.987996270074028,10.830691261773856,0.5,136.15095006340584,23.34667973507282,457.0492680185155,149.51184283204674,51.0271166189968,0.5
265,9.20271448884397,5.557117945271358,0.5,137.1055069264282,25.744679845034852,527.5983238002634,169.02818670281187,24.62911684551746,0.5
266,4.4504353109500805,2.170648347322114,0.5,136.76931471791013,28.61534260950668,576.4583860250002,195.79402449832537,8.029648564238528,0.5
267,3.0,1.0,3.0,135.0,32.0,596.0,231.0,5.0,15.0
268,4.954415279540638,2.2442673179429957,13.876949372786406,131.80816893271154,35.85672936158617,581.2234470306614,274.96567896614965,17.936719951945044,88.25713371204606
269,9.753349712876188,5.584052246045526,27.360311302445137,127.81634606752101,39.81058953357517,537.6479524148796,324.5263150626928,43.73739951642937,183.5866715838475
270,16.670637323250144,10.570333611766127,42.25370552315266,123.8000355537702,43.40338472883664,473.42247744867393,375.64608393244924,77.92489036411182,290.86517294857055
271,24.980112133906005,16.754090242563336,57.36075176908544,120.53474154080088,46.17691916024021,396.69598342806387,424.28916121823846,116.02204416565128,399.9691971393812
272,33.95560816808728,23.686300965895697,71.48506977441996,118.79596817795488,47.672997040655545,315.61743164906864,466.4197225628802,153.55171259170652,500.7753034894457
273,42.87095944903744,30.917944609221742,83.43027927333264,119.35921961457399,47.43342258295226,238.33578340770748,498.0019436091942,186.0367473129365,583.1600513319299
274,51.0,38.0,92.0,123.0,45.0,173.0,515.0,209.0,637.0
275,57.76508598327028,44.57584026867524,96.53110798663181,130.17773763248516,40.13942700341288,125.79326111534982,514.6822757011565,219.35400759238888,655.8460501677426
276,63.182662117350944,50.658415757637044,98.49350445757126,140.08755740592338,33.51797529978286,95.03562001669863,499.53398797067973,219.5700481049267,647.9464678729256
277,67.41769525979647,56.35307111226123,99.89034693519477,151.60850836311903,26.026810094446418,77.08134836037252,473.3445623896246,213.50908482127016,625.2238604942374
278,70.63515226816132,61.76515097792361,102.72479294187886,163.6196395468764,18.557096592739974,68.2847178026976,439.90342453904634,205.03208102507568,599.600835410366
279,73.0,67.0,109.0,175.0,12.0,65.0,403.0,198.0,583.0
280,74.64396142457342,72.09823657532593,120.05809446591537,184.82820708080442,7.076104934412061,64.17587341423716,366.3282820241865,195.41232814376514,584.3503971293161
281,75.56578395796825,76.84157410657595,134.59707803190497,192.98115140964592,3.823673665558246,65.13864372989212,333.20053454588947,196.82264431035526,600.6068116144454
282,75.73097112797758,80.94699974788428,150.6539212242295,199.53529192239102,2.11038787586977,67.80902343707922,306.83358917003835,200.92305046781993,625.7304637590076
283,75.1050264623945,84.13150065338522,166.26559456914958,204.56708755490627,1.8039292477778481,72.10772502591286,290.4442775015625,206.40564858420888,653.6825738666223
284,73.65345348901211,86.11206397721298,179.46906859292602,208.15299724305822,2.7719794637136967,77.95546098650736,287.2494311453913,211.96254062757174,678.4243622409093
285,71.3417557356235,86.60567687350188,188.3013138218194,210.36947992271348,4.882220206108527,85.27294380897715,300.4658817064543,216.28582856595807,693.9170491854882
286,68.13543673002175,85.32932649638612,190.79930078209054,211.29299452973856,8.002333157393561,93.98088598343658,333.31046078968075,218.06761436741763,694.1218550039785
287,64.0,82.0,185.0,211.0,12.0,104.0,389.0,216.0,673.0
288,58.961768481687436,76.49375653808998,169.70951797281398,209.5602225198739,16.706632917293575,115.21546931419154,469.02917492821643,209.1573613092601,626.568847283449
289,53.290342744557826,69.32294326285151,146.81050508182028,207.01645727777432,21.808566096377984,127.3703612431742,568.0040371086342,198.14316965077404,559.0703311893292
290,47.31614276642105,61.15897932609222,118.95474767931212,203.40476671262485,26.955864225291446,140.17221406952072,678.808482061432,183.9431702576232,476.8025288589203
291,41.369588525086996,52.67328387961977,88.79403211758279,198.7612132633491,31.798591992072165,153.3285660758038,794.3264053067885,167.54310836288897,386.06351743350297
292,35.78109999836555,44.537276075241806,58.980144748925504,193.12185936887064,35.986814084758365,166.54695554459624,907.4417023648828,149.92872919965282,293.1513740543569
293,30.88109716406658,37.422375064766,32.16487192563346,186.52276746811307,39.17059519138823,179.53492075847072,1011.0382687558937,132.08577800099602,204.36417586276255
294,27.0,32.0,11.0,179.0,41.0,192.0,1098.0,115.0,126.0
295,24.43881809025484,28.791849248084354,0.5,170.62160843681798,41.23788005268811,203.67113119367352,1162.6347549089917,99.5680474868872,63.32682600742653
296,23.380919444036813,27.72073803749127,0.5,161.58360038430564,40.09823430777203,214.36285083164745,1204.9462454611005,86.33020098044403,17.49224302670778
297,23.9802616768308,28.559760812025843,0.5,152.11397248156445,37.90784857762743,223.9110950479947,1226.362146926171,75.737648056598,0.5
298,26.390802404121672,31.082012015493188,0.5,142.44072136769609,34.99350867463002,232.15179997678817,1228.3101345740454,68.24157629127657,0.5
299,30.766499241394307,35.06058609169839,0.5,132.79184368180196,31.682000411155478,238.92090175210075,1212.2178836745677,64.29317326040723,0.5
300,37.26130980413358,40.26857748444658,7.960647857355731,123.39533606298373,28.300109599579514,244.05433650800532,1179.5130694975808,64.34362653991741,4.8896520572350495
301,46.029191707824374,46.479080637542836,16.397261902005965,114.47919515034297,25.174622052277815,247.38804037857477,1131.6233673129284,68.84412370573463,45.01039726193118
302,57.224102567951554,53.46518999479227,23.852455824420147,106.2714175829812,22.632323581626085,248.75794949788207,1069.9764523904537,78.24585233378633,102.67468272893854
303,71.0,61.0,29.0,99.0,21.0,248.0,996.0,93.0,178.0
304,87.22297920120634,68.79290217474238,30.972025301631742,92.91159348674606,20.525033048892038,245.16172691543912,911.8485389276302,112.98296556781543,269.3466064778413
305,104.60768569581415,76.29847635168086,30.73410459213928,88.32746691354666,21.137188186261735,241.13706086046022,822.5840120242851,135.77199305072173,368.04582300912057
306,121.58090258981882,82.90759944124815,29.71017123183093,85.58754359697424,22.68682679918542,237.0315313477618,733.9952156571246,158.3695377497203,463.6717363014792
307,136.56941298921566,88.01114835387696,29.324158581015055,85.03174685360122,25.024310274739403,233.95066789004227,651.8709461933096,177.7780549658126,545.7984330625586
308,148.0,91.0,31.0,87.0,28.0,233.0,582.0,191.0,604.0
309,154.67774983283795,91.47335753338221,35.729928539609496,91.61355367772704,31.428893048390414,234.8889776575891,528.7243649223083,195.90215515203005,630.6938747924592
310,156.92096111707826,89.8637290811174,42.7793760127289,98.11896782827476,34.98452923872136,238.74273271178578,490.59879471715476,193.80861071663452,629.6708990026484
311,155.42623558674055,86.81194901363165,50.98207392275892,105.54412971811966,38.305084076150436,243.29031747882203,464.73123461941213,186.9077839872913,607.5652651642955
312,150.89017497584433,82.95885170135097,59.17175377310031,112.91692661373817,41.02873306583525,247.26078427492965,448.2296298639528,177.38809225747838,571.0111658111271
313,144.00938101840913,78.94527151470143,66.1821470671538,119.26524578160677,42.793651712933375,249.38318541634064,438.2019256856494,167.4379528206736,526.6427934768703
314,135.4804554484545,75.4120428241091,70.84698530832011,123.61697448820192,43.238015522602424,248.38657321928682,431.75606731937427,159.24578297035478,481.0943406952523
315,126.0,73.0,72.0,125.0,42.0,243.0,426.0,155.0,441.0
316,116.19899389709293,72.15073837020965,68.84876086792129,122.8273407219257,38.86695262558567,232.46092777323716,418.6711468696676,156.2487722103796,411.506130320221
317,106.4459263238919,72.50889709221141,62.09619052712029,118.05253961269604,34.22290878102696,218.04045734785473,410.0248426995922,161.9792719314343,391.8077561665438
318,97.04366395458325,73.51987628088807,52.819049814960394,112.01427076947625,28.601075823293357,201.51809923123423,400.9459001682577,170.53842250039742,379.61206844497747
319,88.29507346335338,74.62907605112247,42.09409956880502,106.05120828943156,22.534661109354367,184.673363930757,392.3191319541475,180.27314725450228,372.62625806153096
320,80.50302152438861,75.28189651779736,30.998100626017568,101.50202626972715,16.55687199617947,169.28576195380464,385.0293507357453,189.53036953098214,368.5575159222132
321,73.97037481187537,74.9237377957956,20.60781382396143,99.70539880752821,11.200915840738183,157.1348038077585,379.96136919153497,196.65701266707026,365.1130329330332
322,69.0,73.0,12.0,102.0,7.0,150.0,378.0,200.0,360.0
323,65.80907341260955,69.15400968548762,6.012054227772381,109.21410967363725,4.36568711982083,149.09238413575972,379.7543129051437,198.41762481111638,351.6518663173277
324,64.27200997219379,63.82079916811277,2.523908526020262,120.13443057225301,3.222961001602286,153.3490822116641,384.7304059130475,192.8136601582114,341.407114232051
325,64.17753425090312,57.633327203923955,1.17612914976101,133.0372711689899,3.375160735632398,161.1387433221887,392.1586340953122,184.60324904318892,331.33048437940994
326,65.31437082088799,51.22455254896972,1.6092823540119885,146.1989399369904,4.625625412199195,170.8300165618091,401.269352523539,175.20153446795274,323.4867173946443
327,67.4712442542988,45.227433959298615,3.4639343937905718,157.8957453493972,6.777694121590708,180.7915510250007,411.2929162693285,166.02365943440662,319.94055391299423
328,70.436879123286,40.2749301909592,6.3806515241141195,166.4039958793529,9.634705954094969,189.39199580623915,421.4596804042819,158.48476694445446,322.75673456969946
329,74.0,37.0,10.0,170.0,13.0,195.0,431.0,154.0,334.0
330,77.9450865832813,35.866254222014845,14.009341715819298,167.50615144273152,16.678683119259535,196.41131926880286,439.3833502118835,153.62157795087373,355.02714789194914
331,82.03963907873053,36.659912010778726,18.283221123357936,159.92918497194205,20.482933250490113,194.13013554734403,447.03568653053173,156.95002553861303,384.3632041448534
332,86.0469128186385,38.997844599611874,22.742978313755568,148.82192061027644,24.226696101973943,189.08773733836395,454.62208453034367,163.22294385268185,419.82525171083273
333,89.73016313529588,42.496923221834564,27.309953378151825,135.73717838037965,27.723917381993257,182.21541314460296,462.8076197857184,171.67793398254426,459.23037354200693
334,92.85264536099344,46.77401911076704,31.905486407686343,122.22777830489659,30.788542798830278,174.44445146880162,472.25736787105495,181.55259701766417,500.3956525904962
335,95.17761482802189,51.44600349972957,36.450917493498785,109.84654040647214,33.23451806076724,166.70614081370016,483.6364043607524,192.08453404750577,541.1381718084202
336,96.46832686867198,56.1297476220424,40.86758672672878,100.14628470775128,34.87578887608637,159.93176968203915,497.6098048292097,202.51134616153286,579.2750141478989
337,96.48803681523444,60.44212271102578,45.076834198515975,94.67983123137893,35.52630095306987,155.05262657655896,514.8426448508258,212.07063444920965,612.6232625610521
338,95.0,64.0,49.0,95.0,35.0,153.0,536.0,220.0,639.0
339,91.96198843118064,66.52313032089877,52.67825391525466,102.00488807984118,33.19853131834767,154.30461555909187,561.1017301192691,225.7103450037311,656.6029940678495
340,88.10984082067331,68.1427829001098,56.632084500090336,113.97370071145637,30.374338582338595,157.89494727652084,587.5868321237219,229.30577605168244,665.1527509716562
341,84.37391255629618,69.09310656263428,61.50181000325156,128.5309201789813,26.8675650593872,162.29890627896242,612.2490871965854,231.06370083549658,664.7504615694633
342,81.68455902586743,69.6082501334734,67.92774867348291,143.30102876655155,23.018354016907896,166.04440369309202,631.8822765210863,231.26152704681616,655.497316719313
343,80.97213561720525,69.92236243762835,76.55021875952887,155.90850875830284,19.16684872231511,167.65935064558514,643.2801812804514,230.17666237728366,637.4945072792489
344,83.16699771812785,70.2695923001003,88.00953851013402,163.97784243837094,15.653192443023249,165.67165826311714,643.2365826579074,228.08651451854178,610.8432241073134
345,89.19950071645336,70.88408854589045,102.94602617404287,165.13351209089143,12.81752844644674,158.6092376723637,628.5452618366814,225.268491162233,575.6446580615495
346,100.0,72.0,122.0,157.0,11.0,145.0,596.0,222.0,532.0
347,115.86907864450843,73.7712091804883,145.13747789282192,138.39115364078327,10.510548061610164,124.32822471369322,544.7545440074047,218.53315215017895,481.0362240800152
348,134.58823047740933,76.03053337764753,169.6272763816131,112.8782812521316,11.538304351255263,99.90366464507638,483.40250342369495,215.01887243788056,427.9834376561748
349,153.3091770140558,78.53052357482797,192.06391165154997,85.22205626388617,14.242198279426047,75.99244096677404,422.8974534899854,211.5827891149091,379.0975313823659
350,169.18363976980095,81.02373075537997,209.04189988780914,60.18315210588827,18.781159256613265,56.860674851410806,374.19296944739017,208.350530433069,340.6343959124757
351,179.363340259998,83.26270590265388,217.155757275567,42.52224220797913,25.314116693307664,46.77448747161125,348.2426265370236,205.4477246441645,318.8499219003914
352,181.0,85.0,213.0,37.0,34.0,50.0,356.0,203.0,320.0
353,172.3679864150801,86.03529863143878,195.17584505928446,47.13473677641387,44.69381077254722,69.39174809907769,403.16588128981454,200.84747728508557,346.6989013871714
354,156.23225057019147,86.35682578367106,170.31131270359577,71.4753152901707,56.034839348271014,102.15792539084944,474.4299267094862,197.6882474147546,386.9944193257063
355,136.48038944020706,85.99994004406783,147.04112399610923,107.32823615884215,66.35844824985931,144.0951399871965,549.2290087744148,191.93489383704636,425.29272760138804
356,117.0,85.0,134.0,152.0,74.0,191.0,607.0,182.0,446.0
357,100.9766482415814,83.43911345019228,137.73682354738642,202.69980130295423,77.70137690588176,238.93341915878426,632.0535114253413,166.87623790700604,437.4217674494884
358,88.78777622551452,81.58638503878416,156.45712454615918,256.24761004396834,77.83054041269637,285.01353366364583,628.1951081843359,147.8766337828602,403.4609894464511
359,80.1087950295006,79.75766862126883,186.28059467315202,309.36609007104414,75.16197175013633,326.62278533232427,604.1040939345806,126.89430240770957,351.91998262964853
360,74.61511573124092,78.26881805313957,223.3269256051988,358.77790523218334,70.47015214789413,361.14361598255937,568.4597723336726,105.82235856170118,290.60106363784155
361,71.98214940843674,77.43568718988952,263.7158090191332,401.2057193753879,64.52956283566235,385.9584674320905,529.9414470392087,86.55391702498208,227.30654910979072
362,71.88530713878937,77.57412988701194,303.56693659178904,433.37219634865954,58.11468504313346,398.44978149865756,497.2284217087855,70.98209257769935,169.83875568425668
363,74.0,79.0,339.0,452.0,52.0,396.0,479.0,61.0,126.0
364,77.95362708358887,81.88138417627223,366.80700107965134,454.82282962393185,46.80602954885241,377.09817544567113,481.5309254227533,57.96843496988061,101.6429633249548
365,83.18153953635166,85.79530023094829,386.46918230283325,443.6185263010602,42.53745798387274,344.6598031124788,501.4777008961627,61.118916756735764,94.82178544374882
366,89.07107651890304,90.17099877107304,398.14009630068745,421.1759665585107,39.04501021214098,302.7069889690446,533.0922691916496,69.15064552780952,101.64097077018317
367,95.00957719185757,94.43773040369146,401.9732957043555,390.2840269234094,36.17941114073711,255.26183898399015,570.6265730806357,80.76282145034595,118.205023718059
368,100.38438071582993,98.02474573584844,398.1223331449791,353.73158392288184,33.79138567674109,206.34645912593692,608.3325553345422,94.65464469158914,140.61844870117744
369,104.5828262514347,100.3612953745889,386.74076125370004,314.3075140840539,31.731658727232922,159.98295536350642,640.4621587247907,109.52531541878312,164.98575013333965
370,106.99225295928652,100.87662992695778,367.9821326616598,274.80069393405137,29.850955199292564,120.1934336653203,661.267326022803,124.0740337991721,187.41143242834676
371,107.0,99.0,342.0,238.0,28.0,91.0,665.0,137.0,204.0
372,104.20497041276015,94.42201268054332,309.42007994656626,206.09152375138805,26.05655702485036,75.27385672069927,648.3288712087033,147.27263080517832,211.80593761667282
373,99.0523227510336,87.87870097454676,272.7567453660195,178.8502164271536,24.006546122999385,71.28259171870003,617.5896213248324,154.9422094652878,211.6836514650287
374,92.19877944685732,80.36745436775226,234.99653316972467,155.44824420859706,21.862926132017968,76.14288926981642,581.5346798052072,160.32923584757657,205.43752808630353
375,84.3010629322683,72.88566234590171,199.12598026904655,135.05777327701892,19.638655889477008,86.97143364986249,548.9164761066471,163.75420981929278,194.87195402173307
376,76.01589563930352,66.43071439473701,168.13162357535003,116.85096981371976,17.34669423294738,100.88490913465233,528.4874396859715,165.53763124768457,181.7913158125533
377,68.0,62.0,145.0,100.0,15.0,115.0,529.0,166.0,168.0
378,60.81773443412157,60.32645961364109,131.90500315048934,83.8666579927127,12.649179498488504,126.92672191345824,556.4848639318029,165.48843264246753,155.07657495680544
379,54.664001312339444,61.08523755244451,127.76995341882322,68.57124985092122,10.49542891739756,136.2484161095341,606.0858480694541,164.45651253723696,143.6963363816875
380,49.641338993051725,63.68702909940295,130.70552789313493,54.42370960924147,8.777591915994593,143.04175521447343,670.2250464272772,163.38443974543824,134.30876180486027
381,45.85228583465648,67.5425295375091,138.82240366155767,41.73397130228934,7.734512153547028,147.38341185452174,741.3245530195973,162.75241432820158,127.3633287565381
382,43.39938019555177,72.06243414975566,150.23125781222467,30.811968964680748,7.605033289322286,149.35005865592493,811.8064618607383,163.0406363466569,123.30951476693515
383,42.3851604341357,76.65743821913534,163.04276743326915,21.96763663103162,8.627998982587785,149.0183682449286,874.092866965025,164.7293058619344,122.59679736626566
384,42.91216490880632,80.73823702864081,175.36760961282437,15.510908335957836,11.042252892610957,146.46501324777853,920.6058623467811,168.298622935164,125.67465408474382
385,45.082931977961735,83.71552586126481,185.31646143902353,11.751718114075324,15.08663867865922,141.76666629072042,943.7675420203312,174.22878762747584,132.99256245258385
386,49.0,85.0,191.0,11.0,21.0,135.0,936.0,183.0,145.0
387,54.634918630868974,84.24115673567104,191.2675237427679,13.457869803485336,28.800225088448705,126.37824415863541,892.5851994090553,194.7388606188562,161.70587576625007
388,61.435282716715626,82.04370139043024,187.92281654986607,18.896170434835145,37.62138046601271,116.66085717673457,820.2445798065414,208.1575720701229,181.35682482676643
389,68.7176984012367,79.25114129426198,183.50828366271406,26.977926579490827,46.37657722724739,106.74385462117789,728.5594498604455,221.61473744486833,201.758913766025
390,75.79877182812893,76.70698377715053,180.56633032273177,37.366162922893764,53.97892646670809,97.5232520588457,627.1111182387558,233.4689598341606,220.71820916850166
391,81.99510914108906,75.25473616908018,181.6393617713388,49.72390415048534,59.34153927895018,89.89506505661842,525.4808936094597,242.0788423290678,236.04077761867245
392,86.62331648381384,75.73790580003522,189.26978324995497,63.714174947706965,61.37752675852904,84.75530918137639,433.2500846405453,245.80298802065823,245.5326857010132
393,89.0,79.0,206.0,79.0,59.0,83.0,360.0,243.0,247.0
394,88.73623163164639,85.48838933028344,233.01935969272284,95.05985756818197,51.62712177035706,85.10634748463427,313.01749839499263,232.79944805895835,239.26334713849843
395,86.62094651396026,94.06589727749301,266.1049797186892,110.63404021457485,40.697261526348605,89.876339228483,290.4116386894156,217.4147687925868,225.2015938929332
396,83.73754558045093,103.19921055956087,299.68091989829423,124.27829407687675,28.15384039716161,95.69315723001456,287.9970297863423,199.83036549673616,208.70816707811875
397,81.16942976462772,111.35501589441915,328.1712400519328,134.54836529278577,15.940279511983082,100.93998348769743,301.588280588846,183.03064146725697,193.67649350886956
398,80.0,117.0,346.0,140.0,6.0,104.0,327.0,170.0,184.0
399,81.0723593346845,118.9728369603651,348.919574376818,139.64033914802297,0.5,103.64684316893542,360.34029893783423,163.04141848421773,182.78842326264603
400,84.26841927522771,117.60015032409446,337.9955970724178,134.2821029335799,0.5,100.21596701069572,398.8912963802041,161.73217068277012,190.0167395932295
401,89.22979344278349,113.58055100589759,315.6220167907577,125.18940636520134,0.5,94.43327994501763,440.2286133199217,164.96810445191898,204.87623518449368
402,95.59809545850574,107.61264992048405,284.19278223579596,113.62636445141796,1.7221807093048476,87.02469039163786,481.92787074979896,171.64506764792617,226.5581962291819
403,103.01493894354834,100.39505798256334,246.10184211149064,100.85709220076035,7.405965765699412,78.7161067702932,521.5646896626479,180.65890812705348,254.25390892003747
404,111.12193751906518,92.62638610684505,203.74314512180024,88.14570462175915,14.780775739884561,70.23343750072033,556.7146910512805,190.90547374556263,287.1546594498038
405,119.56070480621014,85.0052452080387,159.51063997068277,76.75631672294494,23.34147511494196,62.30259100265603,584.9534959085087,201.2806123597156,324.4517340112241
406,127.9728544261371,78.23024620085384,115.7982753620966,67.95304351284837,32.58292837395322,55.649475695837,603.8567252271446,210.68017182577412,365.33641879704174
407,136.0,73.0,75.0,63.0,42.0,51.0,611.0,218.0,409.0
408,143.30618823961103,69.85765200413164,39.462828878439936,62.857158954885065,51.106780621242095,48.96773447338168,604.8333541658802,222.40924636846773,454.16576903648337
409,149.64519821941613,68.72448554768289,11.346042151819006,67.267924195807,59.494265446152134,49.716898228218454,587.304473447563,224.17026693650234,497.6850382174409
410,154.79324210451944,69.36631844903279,0.5,75.6715573030238,66.77267582828095,53.299372515246624,561.2354565138195,223.81871933924165,535.941125077463
411,158.52653206002523,71.54896852656042,0.5,87.50731985679349,72.55223312117931,59.76703858520255,529.4484020334204,221.89026121182334,565.3173471511396
412,160.62128025103777,75.03825359864479,0.5,102.21447343737407,76.44315867839808,69.17177768882252,494.7654086751368,218.92055018938512,582.1970219730613
413,160.85369884266132,79.59999148366497,15.329668084554427,119.23227962502358,78.05567385348805,81.56547107684291,460.00857510773966,215.44524390706476,582.963467077818
414,159.0,85.0,56.0,138.0,77.0,97.0,428.0,212.0,564.0
415,154.96488096347656,90.98988612801429,115.34838789356589,157.80484523753293,73.08611166177896,115.28862840290019,400.9338122083093,209.0661807703809,523.2524118504563
416,149.1669792747874,97.26441349601362,188.40514279090763,177.32582239273844,66.92299614384658,135.29015100563,378.49226133954147,206.90796718860673,464.91638804507005
417,142.15341755094724,103.50413489428915,268.78416863391357,195.08988761570404,59.31939394151866,155.62474522214606,359.7296271881908,205.73524489212926,394.750087575983
418,134.47131840897092,109.38960311313203,350.0993693644722,209.62399705651742,51.08404555011104,174.9125884664049,343.70018954875184,205.7578995184001,318.51166943533707
419,126.66780446587323,114.6013709428334,425.9646489244717,219.4551068652661,43.02569146493954,191.77385815236312,329.4582282157188,207.18581670487094,241.95929261527397
420,119.28999833866898,118.81999117368443,489.9939112558006,223.11017319203762,35.95307218131998,204.82873169397737,316.0580229835863,210.22888208899337,170.85111610793555
421,112.88502264437297,121.72601659597623,535.8010603003472,219.1161521869198,30.67492819456819,212.69738650520412,302.55385364684855,215.0969813082192,110.94529890546357
422,108.0,123.0,557.0,206.0,28.0,214.0,288.0,222.0,68.0
423,104.99744128286667,122.44381446263252,549.642154275192,183.14280812186604,28.44519209752104,207.88921594691092,272.1554317310439,230.86523117898878,45.98631489879469
424,103.50141041149688,120.34461420709326,519.529026960535,153.342209405106,31.360065005396233,195.64754353284016,257.59787810201846,240.4895973686438,41.72708516953029
425,102.9513595647163,117.11087374318735,474.89964186918587,120.249972042808,35.802343246480305,179.08995829928023,247.60975826847087,249.38742846962475,50.25808889499761
426,102.78674092135061,113.15106758071995,423.9930228143011,87.5178642280602,40.82975134362798,160.03143578772367,245.47349138594817,256.07305438259124,66.61510415798747
427,102.44700666022557,108.87367022949617,375.0481936090375,58.797654153950845,45.500013819694004,140.28695153966305,254.47149660999736,259.0608050082029,85.83390904129062
428,101.37160896016678,104.68715619932115,336.3041780665515,37.74111001356806,48.8708551975331,121.67148109659101,277.88619309616564,256.86501024711924,102.95028162769788
429,99.0,101.0,316.0,28.0,50.0,106.0,319.0,248.0,113.0
430,94.98440512176616,98.11139397022332,319.93367971476835,31.9246552402263,48.2484224017668,94.73999318056424,379.188354118192,231.6348837409258,112.41975457461585
431,89.8281423203672,95.88340176422348,344.13922348515837,46.65965859679222,44.19009518477506,87.96898312568433,452.1987628120112,209.5578892376616,103.24988510247614
432,84.24730275392045,94.0688048651183,382.20963407770034,68.04815586613442,38.702240782783676,85.41700171194246,529.8717510838713,184.2120238313934,88.93164366813961
433,78.95797758054312,92.42038475602553,427.737914258925,91.93329284468962,32.662081629551565,86.81408081592089,604.0478439361864,158.04029486330714,72.90628235616501
434,74.67625795835242,90.69092292006302,474.31706679536285,114.15821532889451,26.946840158837638,91.89025231420182,666.5675663713703,133.4857096745888,58.615053251111064
435,72.11823504546562,88.63320084034858,515.5400944535443,130.5660691151857,22.433738804400825,100.37554808336743,709.2714433918369,112.99127560642442,49.49920843753647
436,72.0,86.0,545.0,137.0,20.0,112.0,724.0,99.0,49.0
437,74.65309331352802,82.66770855175216,557.7009238581809,130.5505864695564,20.36504994411333,126.27155420087735,705.5263103827477,93.25812014981757,59.325101411760855
438,78.87085281144324,79.0071413268081,554.2915570792189,113.29813776920356,23.617129894095786,141.80981386355992,660.3536454648636,94.72479316364371,77.74787170087993
439,83.06206565259444,75.51271982598797,536.8317283711664,88.57039583407254,29.68668487202158,157.0122964258038,597.9178253556058,101.66240610256105,100.30809128411856
440,85.63551899583042,72.6788655501119,507.381266442076,59.69510259929433,38.50415989996491,170.27651932536517,527.654670164232,112.33334602765227,123.04554057823816
441,85.0,71.0,468.0,30.0,50.0,180.0,459.0,125.0,142.0
442,80.07276433562603,70.86019591056885,421.02683301257156,2.4507859733785406,63.94894043043329,184.93448318077068,399.77317391212546,138.1578128544094,154.14414522089066
443,71.80494171992778,72.20213095312067,369.91697048574696,0.5,79.50287739450025,185.24862277196428,351.3277067096547,151.2344605205755,160.18223293129702
444,61.65613038179857,74.85813403305424,318.4046926850633,0.5,95.65799733166861,181.46529997117412,313.40065214159165,163.89067670191585,161.75141507633128
445,51.08592855013173,78.66053405576827,270.2242798760577,0.5,111.41048668140606,174.10739597599354,285.72906395694037,175.78719510184803,160.4888436011055
446,41.55393445382062,83.44165992666144,229.11001232426742,0.5,125.75653188318034,163.69779198401577,268.04999590470476,186.58474942378956,158.03167045073178
447,34.51974632175855,89.0338405511325,198.79617029522933,0.5,137.69231937645915,150.75936919283427,260.10050173388896,195.94407337115794,156.0170475703223
448,31.442962382838843,95.26940483458011,183.0170340544807,0.5,146.21403560071022,135.81500880004222,261.6176351934969,203.5259006473708,156.08212690498908
449,33.783180865954904,101.98068168240304,185.50688386755854,0.5,150.3178669954013,119.38759200323304,272.33845003253253,208.99096495584564,159.86406039984425
450,43.0,109.0,210.0,11.0,149.0,102.0,292.0,212.0,169.0
451,59.71141800398011,116.0119452017191,257.86849708418066,56.82658911183375,141.65706701016978,84.43656013722112,319.4854497828487,212.19684135790104,184.20469382683973
452,81.1690330573517,122.11012873770629,321.03582721983025,109.56330446731944,129.28748424635654,68.52738435891337,350.2624078198101,209.1577321062144,202.5032747068324
453,103.78284332968386,126.24041856705688,389.06327687351705,163.2130382121849,113.29011388520183,56.36403075837842,378.944593487561,202.44201719625534,219.9984716427183
454,123.96284699054569,127.3486826488662,451.51213251180917,211.77868249215783,95.06381810334729,50.03805742891793,400.1457261627786,191.60904157933913,232.79301363723766
455,138.11904220950623,124.38078894222961,497.9436806012749,249.2631294529662,76.00745907743439,51.641022463833586,408.4795252221397,176.218150206781,236.98962969313092
456,142.66142715613466,116.28260540624244,517.9192076084825,269.6692712403376,57.51989898410477,63.26448395642705,398.5597100423211,155.8286880298962,228.69104881313825
457,134.0,102.0,501.0,267.0,41.0,87.0,365.0,130.0,204.0
458,110.48887396176899,81.3274324947313,441.44632048997886,237.9412184898159,27.591619518559195,123.48662523386919,305.55744883157683,99.1806691055966,161.5931862401922
459,78.25862246649874,57.45372991019982,352.31433678290205,189.91087191618718,17.418595800411797,167.55340048141164,230.56244771234648,67.37623048394597,110.44320645513369
460,45.383933990344,34.41631107830271,251.35919283083592,133.00991609765046,10.349762322984796,212.5768631120195,153.48872217732782,39.48145730949705,62.09663354997909
461,19.939497009459515,16.25259483093705,156.33603258584645,77.33930685274257,6.2539525637052,251.93355049508492,87.80999776153942,20.39112275669875,28.10004042988301
462,10.0,7.0,85.0,33.0,5.0,279.0,47.0,15.0,20.0
463,21.258686329867512,9.524264899246404,50.825424336357784,7.785716349888075,6.358264798409851,288.86129819448007,40.930567235513124,26.59936070467302,45.8261308904125
464,49.8830189339532,22.004405769862018,50.163376101962214,0.5,9.705213881930058,283.43672843953345,65.0659890420222,52.066470499283284,99.54023463091396
465,89.6590156388955,41.44775833489032,75.08411111485086,6.684106762201857,14.318840862669576,266.35412329449144,111.26866780125562,86.67509350321956,171.58715847622568
466,134.37269427133288,64.86165831737479,117.65788519306139,23.31187236484331,19.477139352737368,241.24131531868568,171.40100589494173,125.69899383587058,252.41174968106884
467,177.8100726579038,89.25344144035891,169.95495415463137,46.40207925861827,24.458102964242396,211.7261370714475,237.32540570480896,164.41193561662516,332.4588555001649
468,213.75716862524663,111.63044342688615,224.04557381759827,72.21227321363449,28.53972530929362,181.43642111210843,300.90426961258555,198.08768296487207,402.1733231882347
469,236.0,129.0,272.0,97.0,31.0,154.0,354.0,222.0,452.0
470,240.08258487565814,139.09541007466265,307.4051968156869,117.65686121443657,31.323405628265125,132.28792716057148,390.22548270590323,232.77540198860706,475.0271857775217
471,228.58094241313958,142.5538253335113,329.9149615617616,133.61068176012208,29.82036070517111,116.14413948374421,410.19553739763666,232.4514087861283,474.9169907122207
472,205.82909204021863,140.7383606511018,340.6997998311398,144.92334236684843,27.0077687215947,104.65579472555744,416.27546719966443,224.41829139520814,457.9749775828576
473,176.16105318466984,135.01213090199002,340.93021721673705,151.65672376440753,23.40253316841264,96.9100506420504,410.8305752364506,212.06632081849085,430.5067091681933
474,143.9108452742675,126.73825096073188,331.7767193114691,153.87270668259126,19.521557536501675,91.99406498926231,396.2261646324592,198.78576805862082,398.8177482469885
475,113.41248773678612,117.27983570188326,314.4098117082516,151.63317185119143,15.881745316738542,88.99499552323243,374.82753851215426,187.9669041182424,369.2136575980037
476,89.0,108.0,290.0,145.0,13.0,87.0,349.0,183.0,348.0
477,73.99697999840372,100.01246214904168,260.09606245337295,134.26030818012075,11.260649131678335,85.25229928568297,321.08586928781284,186.28736953331858,339.88145253011294
478,67.68533969337196,93.43335412058252,227.75986803000023,120.60215872790516,10.517716475228061,83.61936668671419,293.33553483681885,196.2794978547457,343.1591494589789
479,68.33656955299956,88.12941130560041,196.43155836525477,105.43885030101656,10.492649848619255,82.12473861960528,267.9764021755969,210.43891292760975,354.5333393556092
480,74.22216004538137,83.96736909507322,169.55127509450918,90.18368155711839,10.906897069821976,80.79195150086781,247.23587683272532,226.2281427152389,370.7042707890151
481,83.61360163861215,80.81396287997882,150.55915985313638,76.249951153874,11.481905956806294,79.64454174701338,233.34136433678293,241.10971518096153,388.3721923282079
482,94.78238480078674,78.53592805129512,142.89535427650907,65.05095774894673,11.939124327542281,78.70604577455359,228.5202702163483,252.54615828810574,404.2373525421991
483,106.0,77.0,150.0,58.0,12.0,78.0,235.0,258.0,415.0
484,115.82249960163188,76.07334996932991,173.765029014425,56.283766716960784,11.467262573736436,77.65196297489499,253.9203185205383,255.62362945165074,418.09354513760593
485,123.9441835602031,75.62489261155552,209.88953473237206,60.18250731881053,10.468768774656226,78.19558179090386,282.07042782765006,246.32888046477746,413.88404585894847
486,130.34391372751963,75.52397843120609,252.52440092187211,69.74986137679427,9.213657110250926,80.26652567472271,315.15188927524366,231.71744803277795,403.4707219349435
487,135.00055195538732,75.63995793281087,295.8205113509561,85.03946846215706,7.9110660880120856,84.50046385304763,348.8662642172276,213.39102714905005,387.95279313650656
488,137.89296009561212,75.84218162089908,333.9287497876551,106.10496814614396,6.770134215431259,91.53306555257471,378.9151140075101,192.95131280699152,368.4294792345535
489,139.0,76.0,361.0,133.0,6.0,102.0,401.0,172.0,346.0
490,138.35014470321693,76.02682531696787,372.6832876868699,165.37879296022413,5.758609443316393,116.21382833713449,411.93754369630943,152.0088757541896,321.93280121891553
491,136.17031197136953,76.01231678795706,370.6202062705363,201.29793342433092,5.999138523404652,133.19467936624864,413.00460718886677,133.93009522653895,298.17323273798513
492,132.73703075342436,76.09019537144691,357.9504911041186,238.41459715508879,6.623570712395521,151.6395738047277,406.5931127178042,118.58590560674278,276.8358704190474
493,128.32682999834816,76.39418202591676,337.8138775407366,274.3859599152662,7.533889482419745,170.24553236995706,395.09498252325403,106.798554084496,260.0352901239413
494,123.21623865510759,77.05799770984598,313.3501009335098,306.8691974676315,8.632078305608069,187.709575779322,380.9021388453484,99.3902878494934,249.88606771450554
495,117.68178567266932,78.21536338171396,287.69889663555773,333.5214855749533,9.82012065409124,202.72872475020785,366.4065039242197,97.18335409142979,248.50277905257886
496,112.0,80.0,264.0,352.0,11.0,214.0,354.0,101.0,258.0
497,106.39396855493497,82.48356262423313,244.855216036632,360.61006023165027,12.08886831981419,220.51631669850852,345.53935511860874,111.2209406483971,279.3559822550855
498,100.87301013078427,85.48944271814088,230.71462838195262,360.249560663224,13.064551607410031,222.45416782524285,340.7405205491137,126.46076264380712,309.00368086206265
499,95.39300148972657,88.77896584650041,221.49039032913655,352.4645394141513,13.92004436101284,220.28594081213723,338.78425336636957,144.89252047691426,342.2397267016366
500,89.9098193939406,92.11345757408894,217.09465517135854,338.8010346038624,14.648341078847924,214.48402309112586,338.85131064523137,164.6892686384029,374.36075065451223
501,84.37934060560507,95.25424346568359,217.43957620179327,320.8050843517875,15.242436259140602,205.52080209414308,340.12244946055375,184.0240616189572,400.6633836013946
502,78.75744188689862,97.96264908606155,222.43730671361553,300.02272677735664,15.695324400116192,193.86866525312308,341.7784268871917,201.06995390926153,416.4442564229888
503,73.0,100.0,232.0,278.0,16.0,180.0,343.0,214.0,417.0
504,67.12194224944857,101.20477039404771,245.8400073983474,256.07261114538323,16.15285385954312,164.4732442609047,343.08545540784286,221.50671445134208,399.3636963820867
505,61.37439810922638,101.72402894183978,262.8704724229625,234.73494336411392,16.16386198959973,148.19103793875362,341.8031978556223,224.36045210139724,367.51423229472266
506,56.06754759567616,101.78199293878295,281.80473663237615,214.27104881303495,16.04639670354978,132.14207143065963,339.03916162224954,223.85102785776007,327.1669456323351
507,51.51157072514063,101.60287968028392,301.3561415851191,194.9649796489893,15.81383031477323,117.31503513373573,334.679280986636,221.26825662802517,284.03717428935136
508,48.01664751396252,101.41090646174939,320.2380288397222,177.10078802882,15.479535136650023,104.6986194450949,328.60949022769285,217.9019533197871,243.84025616019863
509,45.892957978484574,101.43029057858608,337.16373995471616,160.96252610937006,15.056883482560112,95.28151476185002,320.71572362433164,215.04193284064053,212.2915291393044
510,45.45068213504948,101.88524932620072,350.84661648863187,146.8342460474824,14.559247665883454,90.05241148111408,310.8839154554635,213.97801009818,195.1063311210957
511,47.0,103.0,360.0,135.0,14.0,90.0,299.0,216.0,198.0
512,50.72386898287712,104.95936449554891,363.57556589818097,125.60585394804573,13.391963183062765,95.671800148849,285.0268949538284,221.96577858145642,224.74737602591682
513,56.29635606601496,107.79058310904563,361.47832499585337,118.24592916986184,12.745761452317034,105.85064949091534,269.23545168074077,231.00546638894957,271.36130887063473
514,63.264305624945884,111.48150073684654,353.8516219565252,112.37636076797037,12.071469429781146,118.8782150226816,251.97350496150517,241.81724509664105,331.9141505614146
515,71.1745620352023,116.01996227530809,340.83880144370465,107.45328384489343,11.379161737473456,133.09616374063035,233.58888957688978,253.09929637869232,400.47825312551714
516,79.57396967231658,121.39381262078666,322.5832081208999,102.93283350315315,10.678912997412302,146.84616264124406,214.42944030766267,263.54980190926494,471.12596859020323
517,88.0093729118211,127.59089666963875,299.22818665161896,98.27114484527156,9.980797831616034,158.46987872100533,194.84299193459205,271.8669433625205,537.9296489827339
518,96.02761612924826,134.5990593182207,270.9170816993699,92.9243529737708,9.294890862102996,166.3089789763967,175.17737923844598,276.7489024126205,594.9616463303695
519,103.17554370013045,142.406145462889,237.79323792766084,86.3485929911729,8.631266710891538,168.70513040390074,155.78043699999262,276.89386073372646,636.2943126603712
520,109.0,151.0,200.0,78.0,8.0,164.0,137.0,271.0,656.0
521,113.04782940438936,160.3684678259102,157.68071257989538,67.33470910277418,7.411165351446733,150.53525476117696,119.18390301923633,257.7655018856026,648.1510603765164
522,114.86587628883089,170.49939383697597,110.97872033085511,53.8088554020175,6.874837387250079,126.65256168391429,102.67998083846969,235.88854806469573,606.8198458171812
523,114.00098502885697,181.38062292955377,60.037367916387296,36.87857400025207,6.401090729428386,90.69358776469443,87.83606823846821,204.06732021144103,526.0787083492555
524,110.0,193.0,5.0,16.0,6.0,41.0,75.0,161.0,400.0
